date,0915_open,0915_high,0915_low,0915_close,0915_volume,1518_open,1518_high,1518_low,1518_close,1518_volume,day_high,day_low
2025-01-01,2035,2039,2030,2034.5,2556,2060.5,2062.5,2060,2062.4,754,2064.7,2030.0
2025-01-02,2066,2071.5,2061.4,2070.5,3634,2096,2096.9,2092.9,2094.2,2630,2124.0,2061.4
2025-01-03,2095,2095.4,2087.2,2094,4370,2069.4,2070,2066.6,2069.5,1126,2114.6,2065.7
2025-01-06,2071,2071.2,2057.5,2064,2350,1950,1951.2,1940.8,1942.2,3490,2071.2,1940.8
2025-01-07,1953.8,1965,1943.1,1954.6,10314,1913,1915.5,1912.5,1915.5,2854,1965.0,1905.0
2025-01-08,1922.5,1925,1908.5,1910.5,10014,1867.8,1869.4,1865.6,1866.5,1868,1925.0,1861.2
2025-01-09,1860,1860,1841.2,1853.7,4822,1905.8,1906.5,1904,1905,6780,1907.5,1828.0
2025-01-10,1892.5,1892.5,1866.5,1868.2,5054,1851.2,1851.4,1849.5,1851.4,2286,1892.5,1830.0
2025-01-13,1827.5,1835,1816.5,1826.6,9250,1795,1798.3,1795,1797,4742,1835.0,1778.9
2025-01-14,1800,1819.5,1800,1812.5,2706,1754,1755.1,1752.5,1755,3552,1819.5,1752.5
2025-01-15,1776,1781,1766.6,1776.6,6566,1751.4,1751.4,1750.5,1751.4,2552,1802.8,1737.4
2025-01-16,1775.3,1788.8,1771,1785.2,10520,1796.8,1797.5,1795,1795.6,1230,1816.3,1771.0
2025-01-17,1796.2,1797.5,1785.6,1793,4576,1817.9,1817.9,1815,1815,1726,1832.5,1778.3
2025-01-20,1820,1834.5,1818,1819,7440,1896.8,1898.5,1895.5,1898.2,5004,1911.8,1815.0
2025-01-21,1897.7,1903.8,1883.1,1886.6,5956,1834.9,1834.9,1828.6,1834,6962,1907.2,1828.6
2025-01-22,1840,1848.8,1829.8,1830.6,6140,1803.7,1806.2,1801.6,1804.4,2484,1848.8,1773.2
2025-01-23,1802.5,1811.2,1791.9,1809.9,3448,1831.4,1831.6,1829.5,1831.3,606,1873.9,1791.9
2025-01-24,1834.5,1838,1831.2,1831.2,2004,1815,1819.4,1815,1819,4542,1860.5,1796.5
2025-01-27,1797.3,1797.3,1782.2,1785.1,2316,1730,1730,1727.5,1728.5,1754,1797.3,1727.0
2025-01-28,1727,1745.5,1727,1736.8,4600,1675.4,1675.5,1672,1673.6,1272,1745.5,1635.5
2025-01-29,1677.5,1696.1,1677.5,1696.1,4182,1747.1,1749.3,1745.7,1747.8,748,1757.0,1677.5
2025-01-30,1764.5,1766.2,1756.2,1758,2488,1767.9,1772.7,1767.6,1771.4,1374,1790.6,1750.8
2025-01-31,1772,1789.2,1772,1784.8,5890,1922.6,1925.5,1922,1925,14586,1936.4,1772.0
2025-02-01,1944.8,1969.8,1941.6,1968.5,23046,1830,1831,1822.7,1822.7,7902,1989.5,1816.3
2025-02-03,1810,1814,1784.5,1795.4,16516,1728,1732.5,1725,1732.2,7688,1814.0,1722.5
2025-02-04,1749.5,1778.4,1749.5,1758.6,10066,1712,1713.9,1710,1713.3,6270,1778.4,1696.0
2025-02-05,1722.4,1756.4,1720,1743,18464,1692.3,1692.9,1686.8,1690.4,7608,1774.3,1686.8
2025-02-06,1710.3,1711.9,1682.7,1687,14466,1637,1642.5,1637,1642.5,8286,1711.9,1621.0
2025-02-07,1638,1638,1626.5,1630.7,9130,1566,1566.5,1561.2,1566.4,8392,1638.0,1560.0
2025-02-10,1575.5,1598.4,1571.8,1592,14912,1542,1543.2,1536.7,1542.8,5286,1598.4,1536.0
2025-02-11,1542.6,1547.4,1525.6,1525.6,9134,1472.6,1472.6,1469,1469.2,2750,1547.4,1460.2
2025-02-12,1468.6,1481.6,1463,1478.8,14152,1443.8,1445,1442.5,1442.8,2310,1481.6,1392.0
2025-02-13,1445,1468.6,1445,1459,9428,1469.6,1469.8,1467,1468.2,6664,1525.5,1445.0
2025-02-14,1472.5,1484.1,1465.5,1465.5,12438,1379,1381.8,1376.4,1381.3,7946,1484.1,1376.4
2025-02-17,1374.5,1374.5,1345.5,1350,11012,1347,1347,1344.1,1345.8,10716,1422.0,1325.6
2025-02-18,1345,1345.8,1337.5,1344.9,11520,1293.2,1293.7,1290.1,1292.3,2768,1346.4,1278.0
2025-02-19,1280.2,1287.4,1268.3,1282.5,13920,1328,1328.7,1326.7,1327.5,3876,1345.0,1268.3
2025-02-20,1316.5,1331.5,1306,1329.7,20468,1310.3,1312.5,1309.6,1312.1,5752,1345.0,1306.0
2025-02-21,1312.5,1337.5,1312,1337.5,13324,1317.6,1319.8,1316,1319.8,4026,1364.9,1309.4
2025-02-24,1305,1305,1295,1303.4,5538,1320,1321.9,1320,1320.1,3326,1336.4,1268.1
2025-02-25,1315.5,1337,1315.5,1334.4,7918,1309.1,1310.2,1305.7,1308.6,6422,1337.0,1297.6
2025-02-27,1303.5,1309.5,1295,1296,11448,1283.5,1285,1282.5,1285,1462,1309.5,1277.9
2025-02-28,1266.2,1281,1265.4,1271.3,8362,1227.4,1227.8,1226,1226.6,2490,1294.4,1225.0
2025-03-03,1228.1,1246.2,1228.1,1246.1,6652,1206.8,1207.5,1204.7,1206.4,1358,1251.0,1175.0
2025-03-04,1185.1,1213.2,1182.2,1200.3,14110,1244.5,1246,1244.3,1245.5,2234,1258.4,1182.2
2025-03-05,1238.9,1262.5,1237.9,1246.3,11880,1267.6,1268.6,1266.4,1267.9,3686,1275.0,1236.0
2025-03-06,1273.4,1294.5,1273.4,1294.5,15014,1289,1289.5,1287.6,1288.6,6542,1303.8,1273.4
2025-03-07,1291,1299.5,1288.4,1294,8888,1333.5,1333.8,1331.3,1333,3580,1357.2,1288.4
2025-03-10,1334.4,1348.5,1330.2,1348.5,8956,1280.6,1283,1277.8,1281.4,5806,1348.5,1277.8
2025-03-11,1257.2,1266.1,1257.2,1266.1,8160,1219.5,1219.5,1216.2,1218.3,5508,1267.0,1215.4
2025-03-12,1227,1237,1226.8,1230.3,14948,1245,1245.4,1245,1245.4,8030,1266.0,1226.3
2025-03-13,1265,1272.8,1261.1,1264.6,30418,1276.2,1278.1,1275,1277.9,13120,1320.6,1235.0
2025-03-17,1283.5,1291,1275,1275.4,1358,1260,1261.5,1258.8,1260.1,8956,1291.0,1247.8
2025-03-18,1262.5,1272.5,1262.5,1271.6,9250,1284.8,1287.1,1284.8,1286.8,3550,1287.5,1262.5
2025-03-19,1286.6,1310.6,1285,1310.6,23220,1369.2,1369.2,1367.5,1369,4128,1381.0,1285.0
2025-03-20,1380,1407.5,1380,1407.5,39624,1371,1371.5,1370,1371.3,8828,1415.0,1349.5
2025-03-21,1374.5,1397.5,1373.7,1397.3,30332,1397.3,1399.5,1397,1398.9,9328,1439.0,1373.7
2025-03-24,1415.8,1430.8,1415,1427,15818,1452.6,1453.9,1448.1,1450.9,9290,1494.0,1415.0
2025-03-25,1462.5,1479,1462.5,1470,24594,1392.5,1392.5,1389.8,1391,7140,1479.0,1383.2
2025-03-26,1382.5,1389,1378.5,1385.6,13496,1381,1381,1379.1,1379.2,3184,1410.0,1367.6
2025-03-27,1374.8,1384.5,1368,1376.2,24896,1578.2,1603.5,1576,1600,69322,1619.5,1360.6
2025-03-28,1599.9,1618,1582.9,1608.8,150566,1606.2,1612.9,1602.1,1612.9,38746,1684.0,1582.9
2025-04-01,1613.9,1615.8,1595.5,1607.9,26010,1581.4,1583.7,1580,1581.4,7776,1627.0,1570.1
2025-04-02,1595,1598.2,1573.7,1574.4,14008,1563.5,1563.8,1561.3,1562.2,4938,1598.2,1534.0
2025-04-03,1535.7,1563.8,1532.5,1561.4,11358,1572.6,1574.5,1571.2,1574,4484,1590.0,1532.5
2025-04-04,1576,1576,1556.5,1558.4,8982,1472.6,1475.1,1471.8,1474,12166,1576.0,1468.0
2025-04-07,1226.3,1359.1,1225.6,1336.2,38370,1376.7,1381.5,1376.5,1381.5,6840,1408.0,1225.6
2025-04-08,1450,1450,1428.8,1435,19724,1435.4,1436.5,1434,1436.5,7360,1450.0,1399.0
2025-04-09,1425,1427.9,1407.4,1427.9,19576,1489,1489,1480.2,1482.4,19932,1516.5,1390.0
2025-04-11,1531.8,1531.8,1491,1493.4,26562,1518.2,1518.8,1516.3,1517.1,10202,1531.8,1485.3
2025-04-15,1531.2,1545,1528,1528,19950,1539.6,1541.2,1537.3,1540.6,5942,1574.0,1527.5
2025-04-16,1547,1548.2,1538.5,1541.5,8296,1559.5,1560.2,1558.2,1559.1,5692,1594.4,1536.8
2025-04-17,1560,1562.7,1552.7,1556.6,13488,1553.8,1555,1552.6,1553.5,2376,1584.2,1548.0
2025-04-21,1564.9,1567.2,1552,1561.2,9870,1566.9,1567.2,1566,1566,4392,1584.0,1550.8
2025-04-22,1573.5,1576,1567.5,1575.7,11260,1587,1587,1583,1583.4,4102,1611.0,1562.6
2025-04-23,1594,1608.4,1592.3,1608.4,16938,1584.5,1586.6,1583.4,1585.6,6000,1610.0,1552.5
2025-04-24,1582.5,1587.5,1577.2,1584.7,10022,1581,1584.4,1579,1580.6,4754,1604.6,1570.0
2025-04-25,1589.2,1593.4,1583,1584.2,12236,1525,1530.3,1523.9,1530.2,6144,1593.4,1507.4
2025-04-28,1518.5,1519.9,1510.4,1518.2,4408,1552.4,1554.9,1552.4,1552.9,7760,1570.0,1503.7
2025-04-29,1558.1,1569.5,1558,1564.2,9412,1603.1,1605.6,1600.2,1605,10018,1627.0,1558.0
2025-04-30,1609.5,1622.8,1606,1616.2,32670,1582.1,1582.8,1580,1582.8,4222,1622.8,1568.8
2025-05-02,1590,1593.9,1572.3,1586.6,19150,1601.4,1601.4,1600,1600.4,2882,1634.5,1550.2
2025-05-05,1608.5,1614.4,1600.4,1600.4,13758,1618.2,1619,1615.5,1616.6,4566,1629.2,1596.6
2025-05-06,1617.5,1634,1617.5,1630,12868,1566,1569.4,1565.5,1566.2,8106,1640.0,1560.6
2025-05-07,1525,1542.2,1518.2,1542.2,15054,1564.5,1567.5,1564.5,1566.7,2390,1574.4,1518.2
2025-05-08,1569.5,1592.5,1569.4,1587.5,9814,1512.4,1513.3,1510.9,1511.9,4438,1597.5,1510.0
2025-05-09,1457.5,1497.5,1457.5,1488.7,19254,1527.5,1529.3,1527.5,1528.5,2872,1536.0,1457.5
2025-05-12,1579.6,1594.4,1572,1572,22112,1598.5,1602.5,1598.5,1600.8,7100,1609.9,1566.0
2025-05-13,1600.5,1602.5,1579,1588.8,9348,1660.5,1661,1659,1660,6664,1680.6,1579.0
2025-05-14,1668,1687.4,1668,1678.2,29298,1695.4,1695.9,1692,1695,4764,1741.0,1660.8
2025-05-15,1697.1,1701,1691.8,1694.2,19750,1696.4,1696.5,1695.1,1695.2,4854,1707.5,1669.0
2025-05-16,1705.2,1711,1698,1698.2,12882,1823.8,1823.8,1821,1821.4,19050,1842.4,1696.5
2025-05-19,1848.5,1912.5,1845.4,1908.4,87296,1846.6,1849.8,1842.5,1848.2,10794,1925.0,1838.0
2025-05-20,1859.5,1873,1832.6,1832.6,32480,1783,1783,1778.8,1781.5,5774,1873.0,1772.5
2025-05-21,1777.5,1790.8,1765.2,1785.2,35066,1828.4,1828.6,1823.2,1826.2,12048,1842.5,1759.4
2025-05-22,1820.1,1831,1810.4,1827.2,18328,1814.8,1815.9,1813.6,1814.9,3016,1835.0,1795.0
2025-05-23,1819.5,1820,1810.6,1817,15896,1859.4,1859.4,1857,1857.5,8146,1895.0,1805.5
2025-05-26,1864,1872.5,1850.5,1863.8,30000,2164.4,2186.1,2162.6,2173.1,281194,2189.8,1848.7
2025-05-27,2147.3,2162,2133.4,2162,193730,2162,2163.5,2156,2163.4,43168,2215.2,2131.0
2025-05-28,2164.5,2176,2140,2140,87860,2124.6,2124.6,2118,2118,17890,2176.0,2097.4
2025-05-29,2129,2143.4,2129,2138.2,24386,2117.4,2120.5,2109.4,2112,31688,2195.0,2100.8
2025-05-30,2120,2129.4,2112.9,2126.8,48088,2119.4,2119.5,2117,2117.8,14498,2171.3,2103.0
2025-06-02,2117,2124,2103,2115.3,27758,2125,2126,2121.4,2122.4,6200,2127.5,2082.5
2025-06-03,2124,2129.4,2112,2118.8,33910,2167.4,2167.5,2163.6,2163.6,23862,2224.3,2111.0
2025-06-04,2179.5,2186.8,2166.7,2181.6,51140,2189.2,2194,2187.8,2190.4,24162,2255.0,2166.7
2025-06-05,2198.8,2209.5,2184.5,2184.5,62532,2220.9,2221.4,2218,2218,5342,2244.0,2170.0
2025-06-06,2235,2255,2227.6,2255,45596,2200.6,2211.8,2195,2200,29994,2284.5,2185.1
2025-06-09,2207.5,2212,2180.1,2180.1,39932,2180.6,2181,2177.5,2180,3790,2230.0,2160.5
2025-06-10,2192.5,2192.5,2177.5,2182.5,23468,2186,2186.5,2181,2182.4,6942,2227.0,2177.5
2025-06-11,2195,2195.6,2181,2189.4,16448,2157.4,2161.2,2154.6,2154.6,11510,2203.4,2121.0
2025-06-12,2143,2147.4,2136.8,2144.8,14322,2107.5,2112,2103,2106,11788,2178.0,2095.0
2025-06-13,2050.5,2069.2,2050,2052.7,21238,2150.5,2153.2,2146.2,2150.6,11558,2212.5,2050.0
2025-06-16,2155,2159.8,2139.4,2152.4,16154,2191,2193,2190.5,2191,9540,2195.0,2108.0
2025-06-17,2190,2201.2,2188,2197.2,14578,2193,2193,2185.2,2185.2,15676,2237.5,2172.8
2025-06-18,2188.9,2189,2176.5,2182.9,13044,2231,2234,2229.8,2233,11572,2260.0,2147.5
2025-06-19,2231.5,2241.7,2221.4,2237.8,25604,2142.6,2143.1,2139.6,2141.4,23858,2282.0,2136.7
2025-06-20,2145.8,2170,2145.8,2163.5,33916,2327.4,2328,2319.6,2325.4,102604,2364.2,2130.5
2025-06-23,2325.2,2377.5,2300.5,2360.2,178826,2396.6,2398.7,2388.8,2396.6,31856,2437.4,2300.0
2025-06-24,2400.5,2411.2,2377,2380.6,100718,2216,2216.3,2209,2212.2,64204,2411.2,2209.0
2025-06-25,2235,2245.6,2216.7,2224.2,89138,2235,2235.9,2222.9,2228.8,45568,2265.5,2200.5
2025-06-26,2229,2245,2229,2239.8,33102,2225.6,2237.4,2222,2223.4,30572,2275.0,2211.5
2025-06-27,2231.8,2246.9,2224.5,2233,47758,2215.1,2226.9,2215,2215.9,26274,2260.5,2203.4
2025-06-30,2228.4,2242,2225.5,2238.4,26156,2237.8,2238.6,2228,2229.7,19546,2247.5,2213.0
2025-07-01,2235,2239.4,2230.7,2236.1,13276,2216,2216.5,2215.2,2216.4,5024,2264.5,2215.0
2025-07-02,2221.8,2224.5,2215,2222.9,15402,2182,2182.6,2179.1,2182,13062,2224.5,2176.0
2025-07-03,2183,2190,2178.6,2185.2,10604,2228.5,2228.5,2221.2,2222.5,18426,2242.5,2164.1
2025-07-04,2250.2,2274.5,2248.8,2267.4,101692,2263,2272.8,2262.5,2264,25110,2327.5,2244.0
2025-07-07,2275,2285.3,2267.5,2278,73058,2289,2289,2286,2286.5,10722,2309.0,2266.0
2025-07-08,2285.8,2290.5,2275.2,2281,18456,2261.1,2265,2259.2,2264,9792,2303.8,2252.5
2025-07-09,2267.4,2271.4,2263.8,2269.2,12266,2336.6,2340,2335,2338,17372,2342.5,2263.8
2025-07-10,2337.4,2347.5,2335.1,2341.3,26212,2304,2307,2301.1,2305,6094,2366.3,2290.0
2025-07-11,2301.4,2301.4,2286.2,2297.8,10672,2209.1,2211.4,2209.1,2210.8,11994,2304.6,2205.5
2025-07-14,2250,2264,2231.2,2244.8,78808,2298.6,2300,2297.6,2299.5,10446,2300.0,2222.5
2025-07-15,2306,2320,2302,2307.5,36448,2310,2312.8,2309.6,2311.8,11978,2347.5,2293.5
2025-07-16,2309,2318.2,2303.4,2318.2,15636,2308.5,2309.1,2306.8,2307.8,4344,2363.5,2303.4
2025-07-17,2314.9,2316.6,2301,2308.4,34176,2271.2,2272.6,2270.4,2272.1,11454,2320.5,2258.2
2025-07-18,2279,2284.2,2272.5,2276.4,19302,2195.5,2197.5,2192.8,2196.6,15786,2294.0,2190.5
2025-07-21,2206.4,2209.4,2191.1,2201.2,27638,2186.6,2186.6,2183.1,2186,7492,2220.9,2176.0
2025-07-22,2196.5,2198.4,2187.8,2196.5,12264,2175.5,2175.5,2173.1,2173.1,3504,2217.0,2155.4
2025-07-23,2178.5,2180.8,2168.5,2177,21942,2142,2143.5,2140.1,2140.2,9002,2180.8,2137.0
2025-07-24,2163.9,2196.8,2163.8,2185.2,60938,2153,2153.2,2145,2145.5,13510,2211.6,2145.0
2025-07-25,2145.4,2146.5,2134.2,2136.6,17552,2077.9,2079.2,2074.4,2074.4,7936,2146.5,2071.0
2025-07-28,2072.4,2072.4,2050.4,2052,25284,1996,1996.3,1992.6,1995.2,5816,2087.0,1985.5
2025-07-29,1996.4,2003.2,1986.8,1986.8,14474,2029,2029.3,2025.8,2027,9622,2041.0,1970.4
2025-07-30,2032.2,2043.6,2029,2037.1,12236,2007.5,2009,2006.5,2009,3798,2049.0,2002.5
2025-07-31,1983.8,1997.4,1975,1976.4,16796,1977.5,1981.8,1976.6,1981.8,2912,2014.0,1970.5
2025-08-01,1978.5,1992,1977.2,1986.4,9636,1916,1921.8,1914.2,1919.5,6010,1992.0,1908.5
2025-08-04,1936.4,1943.2,1919.6,1930.6,16880,2005,2005,1999.3,2001.3,11608,2006.5,1919.6
2025-08-05,2019.5,2024.8,1997.4,2020,40132,2000.2,2001,1998,1998.6,5786,2029.5,1980.2
2025-08-06,2002.4,2004.4,1986.5,2000.1,20776,1977.4,1977.9,1976.4,1977.8,4186,2006.5,1962.5
2025-08-07,1955.2,1962.8,1945,1952.2,9930,1946.7,1946.7,1943,1944.4,3764,1976.6,1931.0
2025-08-08,1943.7,1944,1931,1938.8,19818,1928.8,1932.1,1926.8,1928.6,5994,1957.5,1923.0
2025-08-11,1944,1959.2,1930.7,1948.3,33222,1977.4,1980,1975.5,1979.5,13450,2022.0,1900.5
2025-08-12,1962,1973.8,1952,1952,16172,1954.7,1956.4,1953.6,1956.4,4002,1983.0,1952.0
2025-08-13,1974.2,1985,1967.8,1982.1,13608,2040,2044.2,2040,2042,3936,2065.0,1962.0
2025-08-14,2040,2047.8,2030.4,2032.5,14856,2028.8,2032.4,2026,2032,7116,2047.8,2003.0
2025-08-18,2052.5,2054.5,2039.4,2043.2,8674,2044.4,2048,2042.8,2048,5142,2078.8,2027.6
2025-08-19,2055.4,2055.6,2039.4,2041.8,5590,2060,2062.5,2058.1,2060,6252,2072.0,2039.4
2025-08-20,2060.4,2070.5,2058.8,2070.5,8550,2042.5,2042.9,2040.5,2042.2,1808,2085.0,2040.5
2025-08-21,2050.8,2062.8,2047.5,2062.8,10616,2011,2016,2011,2015.8,5774,2074.0,2008.3
2025-08-22,2019.4,2029,2016.3,2029,7280,2015.2,2017.5,2014.2,2017.5,2594,2047.5,2005.8
2025-08-25,2024.8,2036.8,2020.5,2034.1,12114,1998.5,1998.5,1994,1994.6,4364,2036.8,1994.0
2025-08-26,1995,1995,1981.2,1994,8770,1933.2,1933.2,1927.6,1931.2,5682,1998.0,1927.6
2025-08-28,1932,1939.5,1928,1935.4,9642,1915,1920,1914,1918.2,2800,1940.0,1907.1
2025-08-29,1918.5,1923.3,1914.2,1922.8,5288,1923.6,1924,1921,1922.5,1710,1949.0,1905.8
2025-09-01,1929.4,1946.9,1927.5,1943,10848,1938.4,1944,1935.8,1941.4,6440,1952.8,1923.5
2025-09-02,1962.2,1972.4,1953.1,1968.3,8662,2043.5,2047.5,2042.6,2043.7,4804,2059.2,1953.1
2025-09-03,2042.5,2044,2031,2035.4,9214,2051.8,2053,2050.9,2052.5,1760,2057.0,2021.5
2025-09-04,2059.5,2062.2,2046.4,2049,8422,1971,1974.6,1970,1973.2,5372,2062.2,1970.0
2025-09-05,1975,1987.2,1975,1987.2,5732,2036,2037.6,2034.2,2036.3,7542,2074.5,1970.1
2025-09-08,2052,2059,2044,2059,9634,2049,2050.3,2047.1,2049.4,4088,2070.8,2037.5
2025-09-09,2045,2053.4,2042.6,2049.6,5204,2025,2025,2020,2021.5,4978,2069.2,2020.0
2025-09-10,2030,2045.6,2030,2042.4,9066,2033,2033.4,2032.5,2033.4,1520,2055.0,2021.5
2025-09-11,2036,2046.2,2035.7,2046.2,6564,2026.8,2026.8,2025,2025,2012,2073.4,2015.6
2025-09-12,2033.2,2042,2031.5,2039.8,9316,2197.4,2212.1,2195.8,2200,53560,2235.0,2028.2
2025-09-15,2200,2212.8,2190.5,2209,28962,2192.7,2194.7,2192.5,2194.7,11468,2212.8,2180.0
2025-09-16,2192.5,2201,2187.6,2187.6,11990,2169.7,2169.9,2168,2169.5,4738,2205.0,2164.8
2025-09-17,2180.9,2181.6,2172.6,2172.6,14194,2203.5,2203.8,2202,2203.8,4736,2233.0,2169.0
2025-09-18,2211.5,2211.9,2197,2198.8,11730,2178,2178,2173.2,2174.3,8668,2211.9,2173.2
2025-09-19,2182,2182,2170.5,2173,5870,2177.5,2178,2175.4,2176.9,3328,2202.4,2168.1
2025-09-22,2182.4,2184.8,2177.5,2182.8,4938,2160,2160.8,2156,2160.6,11742,2254.5,2138.8
2025-09-23,2169.9,2176,2161.4,2162,19322,2166.4,2168.9,2165.8,2167.6,5564,2192.5,2142.6
2025-09-24,2174.8,2182,2171,2176,15464,2157,2157.6,2150.8,2152,6768,2198.8,2144.0
2025-09-25,2160,2162.7,2149.6,2154.5,8212,2181.8,2182,2180.8,2181,1758,2219.5,2149.6
2025-09-26,2177.5,2179.5,2165,2169.6,12034,2102.2,2109.3,2102.2,2109.3,6730,2179.5,2090.0
2025-09-29,2124.5,2141.7,2118.8,2123.4,23974,2030,2030.7,2025,2025,6742,2149.8,2006.8
2025-09-30,2033,2054.1,2033,2049,14162,2089.3,2092.3,2086.4,2086.6,6682,2092.3,2033.0
2025-10-01,2095,2100,2083.6,2083.6,5916,2156.6,2161.2,2156.6,2160,6564,2199.0,2077.0
2025-10-03,2159.4,2162.2,2153,2155.9,10180,2193.8,2196.5,2192.8,2195.6,4764,2205.0,2151.6
2025-10-06,2195.1,2199.4,2185,2185,5256,2181.5,2181.7,2180.5,2181.5,1088,2202.8,2170.0
2025-10-07,2180.9,2189,2180.8,2184.6,6106,2169.6,2169.8,2166.9,2168.3,1812,2217.5,2154.0
2025-10-08,2172,2172.2,2158.6,2158.6,4996,2141,2141,2136,2139,3904,2172.2,2125.0
2025-10-09,2135.1,2135.1,2127.5,2127.5,3692,2187.5,2190,2182.5,2182.5,4750,2193.7,2120.7
2025-10-10,2179.6,2186.4,2175.6,2177.8,8314,2178.2,2181,2177.1,2181,4078,2207.5,2165.0
2025-10-13,2160.6,2173.2,2160.6,2162.8,6786,2191.5,2195.9,2188.6,2188.6,3520,2200.0,2151.5
2025-10-14,2189.9,2195,2185.4,2187.4,6620,2184.5,2184.5,2179.4,2179.4,6522,2232.0,2152.5
2025-10-15,2179.4,2184,2172.6,2178,3118,2237.5,2239.2,2234,2234,19040,2267.0,2167.5
2025-10-16,2240.8,2248.4,2240,2248.4,10454,2211,2211,2205,2205,8334,2267.5,2205.0
2025-10-17,2217.5,2221.8,2209.5,2218.2,13180,2211.6,2212.6,2206.1,2207.5,3050,2249.0,2203.8
2025-10-20,2215,2220,2202.4,2210,8262,2170.6,2170.7,2169.6,2170,1474,2220.0,2163.0
2025-10-21,2180.5,2190,2174.8,2190,4270,2207.5,2210,2205.2,2205.2,3186,2210.0,2174.8
2025-10-23,2210,2212.5,2201.2,2201.5,9362,2195.1,2195.1,2192.2,2193.8,2486,2222.2,2179.5
2025-10-24,2219,2227.4,2213,2221.2,10716,2218,2221.2,2216.5,2217.2,8560,2275.8,2213.0
2025-10-27,2224.8,2229,2219,2222.5,21146,2207.8,2210,2207.2,2209.8,2870,2232.0,2205.0
2025-10-28,2211.8,2216.6,2206,2208.6,5318,2163.7,2163.7,2160,2161.4,3524,2217.9,2155.2
2025-10-29,2174,2174,2160.4,2165,11860,2156,2157.3,2155,2155.5,4408,2174.0,2137.1
2025-10-30,2160,2166.8,2158.4,2166.8,3898,2214.8,2215,2211.8,2212.5,4676,2268.0,2151.6
2025-10-31,2226.8,2229.1,2210.8,2221,15424,2198.2,2201.8,2197.6,2199.8,6478,2252.5,2191.4
2025-11-03,2188,2188,2172.1,2180,18783,2172,2173,2171,2173,1399,2197.0,2164.0
2025-11-04,2190,2191,2175.8,2179,4147,2152.2,2152.2,2150.6,2152.2,1731,2191.0,2130.6
2025-11-06,2130.4,2145.1,2122.2,2145.1,12198,1980.3,1980.8,1974.2,1978,14378,2148.7,1974.2
2025-11-07,1986.7,1987.2,1954.1,1973.1,11896,2007.2,2008.8,2005.7,2007.4,1351,2011.0,1942.0
2025-11-10,2006,2011,2001.1,2007,1919,2002.8,2004.4,2002.1,2003.7,1916,2046.5,2000.3
2025-11-11,2008,2020.7,2008,2010.1,3099,2018.2,2020,2015.9,2019,2507,2041.8,1995.1
2025-11-12,2025,2029.2,2018.2,2018.4,3820,2007.3,2010,2007,2008.7,1843,2038.0,2007.0
2025-11-13,2009.2,2016.3,2009.2,2012.2,1071,1984,1984.3,1982.5,1983.8,1981,2026.8,1981.0
2025-11-14,1980.1,1994.9,1980.1,1988.3,2918,2010.9,2010.9,2007,2007,3219,2043.5,1975.7
2025-11-17,2010,2018.4,2008.4,2008.4,4031,2006.3,2009.5,2005,2007.8,2540,2034.0,2002.0
2025-11-18,2014,2018.6,2005,2006.1,3656,1978,1978.5,1977.3,1977.8,1144,2018.6,1977.3
2025-11-19,1972.2,1975.1,1965.5,1972,4739,1933,1933.6,1929.9,1933,6278,1980.0,1929.9
2025-11-20,1950,1959.3,1947.3,1956.4,4042,1962.4,1964.5,1962.1,1964,387,1995.0,1944.1
2025-11-21,1965,1965.2,1957.1,1959.6,1398,1904.3,1906.5,1903,1906.3,1163,1965.2,1896.0
2025-11-24,1917,1917,1897,1899.5,4482,1821,1822.4,1819.8,1822.4,4749,1917.0,1817.0
2025-11-25,1824,1838.7,1824,1836,4785,1841,1841.2,1839.6,1840.1,2784,1849.0,1824.0
2025-11-26,1854.9,1854.9,1839.7,1845,2784,1872.1,1874,1872.1,1872.8,306,1881.9,1839.7
2025-11-27,1881.9,1894,1881.9,1894,1242,1841.9,1843.1,1840.1,1841.6,1707,1899.1,1840.1
2025-11-28,1843.6,1852.9,1836.6,1836.6,4903,1830,1830.7,1829.1,1829.1,405,1852.9,1810.2
2025-12-01,1835.1,1846.3,1826.1,1846.3,4582,1818,1818.3,1816.6,1818.3,2134,1860.3,1813.0
2025-12-02,1817.7,1829.1,1814.5,1815.5,5205,1792.8,1793,1792.4,1793,434,1829.1,1783.1
2025-12-03,1793,1801.7,1793,1795.2,2165,1769.8,1770,1768.8,1770,1691,1801.7,1753.0
2025-12-04,1774,1789.9,1774,1789.2,2783,1763,1765,1761.1,1765,1025,1806.5,1760.0
2025-12-05,1771.5,1779.8,1766,1766,5881,1711.2,1713,1710,1711.3,3059,1779.8,1698.6
2025-12-08,1720,1722.4,1703.7,1708.9,5045,1640.5,1641.7,1640.5,1640.6,2350,1722.4,1633.3
2025-12-09,1649.2,1649.2,1624.2,1630.3,4696,1685.8,1685.8,1683.1,1685.4,1456,1687.5,1601.0
2025-12-10,1695.6,1695.6,1676.6,1688,4011,1674.3,1674.3,1671.9,1672.7,1810,1698.0,1663.6
2025-12-11,1674,1678,1670.2,1673,1794,1679.1,1680.9,1679,1679,479,1685.9,1652.4
2025-12-12,1688.2,1708.9,1683.2,1708.9,5957,1688.5,1690.4,1687.2,1690.4,1173,1714.1,1668.6
2025-12-15,1690,1694,1680.5,1686,2164,1737,1737.8,1736.2,1736.7,1313,1764.4,1674.0
2025-12-16,1748.9,1748.9,1726,1728.2,4741,1706.7,1708,1705.3,1705.9,1638,1748.9,1699.3
2025-12-17,1710.6,1712.7,1699.2,1706.5,8046,1685.2,1686,1683.6,1685.3,789,1713.9,1677.5
2025-12-18,1680.5,1682.3,1669,1669.5,4524,1667.7,1668,1666,1667.1,902,1682.3,1650.1
2025-12-19,1673.9,1691.8,1673.9,1681,2048,1722.9,1722.9,1721,1721.4,1059,1724.9,1673.9
2025-12-22,1730.1,1740.4,1725.8,1740.4,4231,1792.9,1795.5,1792.3,1795.5,3467,1807.0,1725.8
2025-12-23,1800,1805.6,1784.9,1788.5,6991,1833.5,1835.5,1833.3,1835.5,3178,1874.9,1784.9
2025-12-24,1837,1839.9,1830.7,1832.7,4934,1871.6,1871.6,1868.3,1869.8,7074,1874.0,1828.8
2025-12-26,1878,1886,1867.7,1874.1,14803,1872.4,1875.5,1872.4,1874.3,1508,1926.7,1867.7
2025-12-29,1889.9,1908.6,1886.7,1893.6,12665,1854.3,1855.6,1853.8,1855.6,1207,1908.7,1840.0
2025-12-30,1851.1,1853.5,1837.8,1846.3,3571,1829.4,1831,1829.4,1831,1469,1853.5,1816.2
2025-12-31,1833.9,1858,1833.9,1858,3923,1860,1860.9,1858.2,1860,982,1887.2,1833.9
2026-01-01,1857.9,1859.5,1852,1857.2,1124,1848.7,1848.8,1847,1847.3,305,1864.4,1837.7
2026-01-02,1847.7,1862.4,1847.7,1862.4,3140,1862.8,1862.8,1856.9,1858.6,1248,1885.0,1847.7
2026-01-05,1865.7,1891.4,1865.7,1881.3,2872,1885.3,1885.3,1882,1882.9,2100,1917.0,1865.7
2026-01-06,1890,1892.9,1885.6,1886.2,2511,1850.1,1851.2,1849.7,1850.9,826,1892.9,1841.0
2026-01-07,1846,1846.1,1837,1837.1,1745,1859.7,1863.7,1856.6,1861.8,2158,1866.3,1836.3
2026-01-08,1857,1870,1850.1,1867.3,4307,1811.5,1815.9,1811.5,1815.2,1754,1880.9,1810.3
2026-01-09,1813,1819.1,1806.1,1810.2,2909,1785.9,1787.7,1785.5,1787.6,1589,1858.1,1784.9
2026-01-12,1800,1803.5,1778.4,1781.5,6519,1788.8,1790,1788.8,1790,1360,1803.5,1742.4
2026-01-13,1801.5,1809.9,1800,1807.8,3807,1765,1765,1762.1,1762.1,2686,1813.9,1758.1
2026-01-14,1766,1775,1763.9,1771,2341,1812,1812.7,1811.1,1812.7,789,1850.0,1763.9
2026-01-16,1813,1824.6,1807.4,1807.4,4533,1789.7,1790.9,1789,1789.2,365,1824.6,1785.5
2026-01-19,1776,1779.5,1765.4,1770.1,3235,1769.3,1770.6,1765.7,1770.6,613,1797.4,1762.8
2026-01-20,1762.3,1768,1758.2,1765.8,3186,1714,1717,1714,1717,756,1771.9,1710.0
2026-01-21,1705,1709,1695,1702.4,2432,1677.8,1678.8,1675.2,1678.8,1746,1719.3,1656.7
2026-01-22,1689.9,1713,1689.9,1702,3585,1683.2,1683.2,1680,1683.1,1666,1727.7,1680.0
2026-01-23,1686.8,1688.1,1677,1679,4584,1646.4,1647,1645.5,1645.6,2076,1688.1,1635.0
2026-01-27,1653.6,1672.5,1645.6,1649.9,5335,1648.8,1649,1648.8,1649,3624,1672.5,1621.0
2026-01-28,1667.5,1680,1660.9,1675.3,4575,1817.3,1823,1817.3,1823,11412,1835.0,1660.9
2026-01-29,1828.2,1833.9,1812.4,1823.7,14135,1779,1779.9,1777.8,1778.1,1363,1833.9,1772.0
2026-01-30,1760,1760,1744.2,1753.6,3251,1794.1,1794.2,1791.1,1794.1,1111,1838.0,1744.2
2026-02-01,1805.9,1824,1803.8,1824,7557,1675.1,1675.1,1669.6,1672.8,3061,1858.9,1601.6
2026-02-02,1700,1714.6,1693.6,1703,7550,1742,1743.9,1740.7,1743.9,2050,1743.9,1646.0
2026-02-03,1795,1803.6,1771.8,1792.7,12334,1745.3,1745.3,1740.5,1743.8,1412,1803.6,1735.0
2026-02-04,1738.1,1746.8,1728,1740.4,2527,1764.7,1765.7,1762.9,1765,776,1769.9,1728.0
2026-02-05,1764,1764,1753.2,1753.2,1651,1749,1749.5,1746.1,1749.5,1890,1764.0,1719.8
2026-02-06,1734.9,1734.9,1729.2,1733.2,1446,1618.9,1619.7,1614.2,1618.4,15398,1765.0,1570.0
2026-02-09,1646.6,1646.6,1607.4,1626.8,33271,1763.9,1772.3,1763.9,1766,16845,1772.3,1607.4
2026-02-10,1758,1770,1741.5,1765,9761,1770,1770.7,1768.9,1769,4605,1805.0,1741.5
2026-02-11,1769.9,1770,1751,1755.2,6255,1765.2,1769.9,1765.2,1769,2680,1785.8,1738.1
2026-02-12,1752.1,1767.4,1746,1758.8,4509,1741.8,1742.8,1741.3,1742.8,2279,1767.4,1725.4
2026-02-13,1731.1,1731.7,1720,1730.3,5268,1737.1,1737.6,1734.3,1737.6,1102,1748.9,1700.6
2026-02-16,1717.1,1724.7,1708.5,1708.5,2989,1720.4,1720.4,1715.7,1719.1,2754,1748.5,1708.0
2026-02-17,1712.8,1736.8,1712.8,1726.4,4284,1738.6,1738.6,1735.2,1737,827,1744.0,1712.8
2026-02-18,1745,1745,1735.3,1738.8,655,1764.9,1764.9,1762.1,1764.5,998,1776.0,1733.0
2026-02-19,1763.4,1774.4,1760,1769.5,2008,1720.2,1721.7,1719,1720.9,1167,1783.0,1719.0
2026-02-20,1715,1715,1703.5,1711.5,903,1707.8,1707.8,1705.2,1705.2,2036,1745.0,1701.0
2026-02-23,1710,1715,1700.6,1701.7,6327,1700.6,1704.7,1700.6,1704.5,1036,1720.8,1685.0
2026-02-24,1685,1699.7,1685,1695.4,999,1692.9,1696.8,1692.6,1696.8,1487,1699.7,1671.0
2026-02-25,1706.2,1714.4,1703.1,1707.5,1771,1721.5,1721.5,1718.9,1718.9,977,1733.3,1703.1
2026-02-26,1717,1724.7,1716.9,1723.7,1011,1709.8,1710,1707.3,1710,1651,1728.7,1692.2
2026-02-27,1708.7,1708.7,1700.2,1702.2,433,1681.2,1681.4,1681,1681,1238,1708.7,1647.3
2026-03-02,1600,1672.6,1600,1649,4959,1650.1,1653.3,1648.7,1650,1736,1706.3,1600.0
2026-03-04,1645,1647.4,1630,1639,5310,1607,1607.1,1603,1607.1,3060,1647.4,1594.6
2026-03-05,1615.1,1619.7,1611.5,1615.1,3181,1628.2,1629.3,1627.3,1629.3,388,1647.4,1591.2
2026-03-06,1631,1655,1631,1652.2,3760,1653,1653,1647.9,1647.9,4469,1715.0,1631.0
2026-03-09,1640,1640,1619,1622.5,2110,1576,1578.1,1575,1578.1,2571,1640.0,1568.0
2026-03-10,1608,1615.7,1601.2,1605.7,5229,1610.1,1611,1609.1,1610,497,1621.0,1578.0
2026-03-11,1618.9,1634.8,1615.2,1634.8,3690,1609,1611.5,1609,1611.4,2223,1659.3,1597.6
2026-03-12,1598.1,1598.1,1582.7,1582.7,2428,1618,1618,1615.1,1615.1,594,1621.8,1567.6
2026-03-13,1614.2,1614.2,1604,1606.6,1040,1528,1528.1,1524.6,1525.1,1460,1614.2,1521.0
2026-03-16,1521,1523.6,1513,1513,4540,1495,1496.2,1492,1496.1,1761,1523.6,1475.0
2026-03-17,1516.5,1523.1,1511.8,1516.8,2578,1513.2,1513.2,1510.6,1511.7,1115,1523.1,1493.8
2026-03-18,1527.3,1535.3,1519.5,1535.3,4551,1562.5,1562.5,1559.9,1561.5,2190,1578.0,1519.5
2026-03-19,1540,1558,1539,1551.2,6179,1502,1505.1,1502,1505.1,892,1570.0,1492.2
2026-03-20,1505,1529,1505,1518.6,3151,1518,1518,1517.5,1518,1015,1542.0,1502.4
2026-03-23,1499.9,1499.9,1470.5,1470.5,4404,1398.6,1398.7,1389.3,1398.4,9414,1499.9,1389.3
2026-03-24,1434,1435.7,1422.9,1424.4,12085,1446.1,1449.7,1446.1,1448.9,2738,1460.8,1417.0
2026-03-25,1459.9,1480,1459.8,1480,5144,1495.4,1495.5,1495.3,1495.5,2671,1517.0,1459.8
2026-03-27,1490.8,1493,1470.7,1474.3,5537,1441.1,1445,1441.1,1444.9,3954,1493.0,1425.0
2026-03-30,1425,1428.8,1405,1405,4997,1377.8,1377.8,1375.1,1376.4,2408,1451.0,1360.8
2026-04-01,1410.5,1410.5,1399,1409.4,5187,1476.5,1478.6,1476.5,1478.3,2170,1514.9,1399.0
2026-04-02,1440.5,1441.7,1416.1,1424.5,13615,1484,1484,1480.4,1480.4,2527,1489.2,1412.4
2026-04-06,1482,1494.6,1474.6,1480.9,3359,1508.6,1508.6,1504.3,1507.2,3537,1515.6,1446.1
2026-04-07,1492.1,1498,1481.5,1491.9,2725,1519.9,1522.8,1517.9,1521.9,1599,1537.0,1481.5
2026-04-08,1590,1595,1550.5,1563.4,16226,1586.1,1587.5,1585,1587.5,3603,1595.0,1550.5
2026-04-09,1586,1586,1576,1580,1401,1603.7,1604,1601.6,1602.2,1522,1630.8,1576.0
2026-04-10,1611,1625,1609.5,1620.6,3872,1620.7,1622.4,1620.3,1622.4,2215,1655.0,1609.5
2026-04-13,1595.3,1595.3,1578,1582.9,5434,1624.7,1625.1,1622.4,1625.1,1949,1635.8,1565.1
2026-04-15,1658,1669.9,1650.1,1654.5,11126,1710,1712,1707,1710,4167,1716.9,1647.5
2026-04-16,1729,1746.5,1720.2,1744.1,10182,1742.9,1743.6,1740,1740.8,2481,1753.7,1706.5
2026-04-17,1746.1,1754,1741,1754,8931,1770.5,1774,1770.1,1773.9,3065,1808.3,1741.0
2026-04-20,1780.5,1783.8,1757.5,1765.5,7610,1742.9,1744.7,1740.1,1742.3,1569,1783.8,1740.1
2026-04-21,1742.5,1758.8,1738.7,1753.5,6359,1762,1764.5,1761.2,1763.2,1929,1779.0,1738.7
2026-04-22,1830,1910,1823,1890.9,13830,1833,1833,1828,1830,11662,1910.0,1811.1
2026-04-23,1827,1839.4,1821.2,1828.2,10908,1833.9,1834.8,1832.4,1834,3947,1839.4,1803.6
2026-04-24,1838.9,1855,1837.3,1843,12931,1794.4,1795.5,1792.3,1793.6,2551,1855.0,1778.0
2026-04-27,1802.4,1826,1801.3,1825.9,12304,1820.4,1820.4,1818.9,1820,788,1842.0,1801.3
2026-04-28,1821.7,1837,1815.4,1837,6763,1842,1843,1837.8,1842.4,2131,1848.0,1806.4
2026-04-29,1848,1860.4,1846.8,1853.5,14290,1827.8,1828.7,1826.2,1828.7,1525,1874.0,1816.7
2026-04-30,1815.1,1823.1,1809.9,1818,2038,1804.8,1807,1803.2,1807,1261,1823.1,1770.4
2026-05-04,1805,1815.2,1800,1810.9,3069,1833.1,1834.9,1833,1834,529,1835.0,1775.7
2026-05-05,1830,1841.1,1826.5,1835.1,2873,1867.6,1869.1,1867,1869,2829,1883.5,1826.0
2026-05-06,1878.6,1880,1874.4,1877,3143,1899.3,1899.7,1897.1,1898,3407,1909.9,1866.5
2026-05-07,1905,1910,1900,1904.4,4655,1996.9,2003.1,1996.9,2001.7,13899,2009.0,1885.0
2026-05-08,2005,2026.4,2000.3,2026.4,20877,1952.8,1954.8,1952.2,1953.5,1970,2037.1,1932.0
2026-05-11,1930,1930.9,1915.4,1920.8,4944,1910,1912.7,1907.9,1912.7,1574,1930.9,1886.4
2026-05-12,1894.9,1909.9,1894.9,1900,1496,1792.4,1794,1780.4,1794,6312,1909.9,1780.4
2026-05-13,1802.5,1817,1802.5,1812.6,5205,1854.8,1854.8,1851.3,1851.3,731,1866.9,1800.0
2026-05-14,1862,1862,1850.2,1850.9,1321,1835.3,1835.7,1833,1833,604,1872.0,1816.0
2026-05-15,1843,1843,1821,1825.4,3548,1788,1788.9,1786.6,1788.3,783,1843.0,1783.0
2026-05-18,1762,1764.9,1741,1748.6,3196,1765.5,1766.4,1763.5,1766.4,518,1777.0,1704.1
2026-05-19,1766,1780.4,1762.5,1767.9,1961,1826.9,1826.9,1824.5,1825.4,1719,1834.9,1762.5
2026-05-20,1799,1799,1773,1786.7,2829,1831,1834.6,1831,1833.4,1223,1847.6,1773.0
2026-05-21,1840.5,1863.9,1840.5,1863.2,3254,1841.2,1842,1840.2,1842,550,1884.0,1836.2
2026-05-22,1842,1842,1828,1828,3626,1828.4,1828.4,1826.7,1827.7,210,1858.0,1820.5
2026-05-25,1848.5,1857.4,1845,1854.1,2829,1830.2,1831.9,1829.1,1829.3,1660,1879.9,1814.6
2026-05-26,1826,1845.9,1824.5,1845.9,2437,1842.4,1844.8,1842.4,1843,477,1862.7,1824.5
2026-05-27,1835,1853.6,1835,1853.6,732,1830,1831.8,1829.8,1831.3,1060,1874.0,1807.3
2026-05-29,1850,1864,1844.3,1844.3,7572,1711,1712.7,1709.4,1712.7,4070,1864.0,1693.0
2026-06-01,1735,1755,1710,1710,8387,1720.1,1720.4,1719.7,1720.1,4871,1755.0,1680.0
2026-06-02,1700.2,1706.4,1694,1700.8,5460,1727.5,1729.5,1727.2,1729,613,1737.8,1693.0
2026-06-03,1728.8,1733.9,1722,1722,2454,1747,1748.7,1746,1748.5,2321,1757.3,1692.4
2026-06-04,1757.3,1764.5,1740.3,1764.5,2894,1737.4,1738.4,1737,1738.2,605,1798.0,1730.3
2026-06-05,1747,1756,1742,1750.6,2919,1747,1747,1744,1747,1157,1764.0,1721.7
2026-06-08,1735.1,1735.1,1710,1714.3,2248,1751,1751.5,1749.3,1751.5,1266,1767.4,1710.0
2026-06-09,1747.4,1755.8,1745.9,1746.1,1503,1768.9,1768.9,1762.6,1765,1464,1774.0,1740.3
2026-06-10,1768.9,1773.6,1764.3,1771,1437,1769.8,1769.8,1766.2,1766.9,1620,1818.0,1749.4
2026-06-11,1775,1797,1754.9,1757.5,4670,1725.7,1727.6,1725.2,1727.6,1344,1797.0,1725.0
2026-06-12,1745.1,1764.3,1745.1,1763.5,3609,1773.9,1775.6,1773.5,1775.6,2213,1779.0,1745.1
2026-06-15,1795,1803.6,1795,1798,6439,1779.4,1779.4,1776.2,1778,927,1815.0,1776.2
2026-06-16,1780.5,1792.5,1780.5,1786,1593,1789.9,1791.8,1785.6,1785.8,4279,1793.4,1763.8
2026-06-17,1792.4,1798.5,1786.5,1795,3241,1806,1807.5,1805.4,1806.9,707,1810.9,1777.0
2026-06-18,1817.3,1819.1,1802.5,1809.8,3553,1776.7,1776.7,1775,1775,2126,1819.1,1768.8
2026-06-19,1773.4,1788.6,1773.4,1788.6,2282,1757,1757.8,1756.3,1756.3,2308,1788.9,1718.4
2026-06-22,1765,1779.1,1763,1779.1,5783,1764,1764.8,1762.4,1763.5,989,1781.6,1745.1
2026-06-23,1771.7,1775,1764.1,1772.3,4560,1741,1744.8,1741,1743.6,4489,1788.0,1736.8
2026-06-24,1739.8,1747.6,1739.8,1746.3,1179,1757,1757,1755.4,1755.4,653,1784.3,1727.5
2026-06-25,1760,1766.1,1760,1766.1,619,1746.5,1749.2,1746.5,1747.9,1014,1780.0,1745.0
2026-06-29,1763.8,1775,1760.8,1772,4624,1711.6,1711.6,1708.2,1709.5,4590,1786.6,1693.2
2026-06-30,1719.5,1736.9,1713.1,1720.1,7374,1760,1768.9,1760,1767.6,6045,1768.9,1713.1
2026-07-01,1767.5,1792.5,1767.4,1781,7158,1824.4,1824.8,1820,1821.2,12433,1881.0,1767.4
2026-07-02,1829.7,1833.1,1822.2,1829.9,5372,1865.5,1865.8,1863,1865.7,3590,1870.0,1810.0
2026-07-03,1875,1880,1870,1877.9,4618,1867.5,1867.5,1865.6,1866.1,2334,1880.0,1840.5
2026-07-06,1860,1864.7,1850.4,1859.1,2610,1854.9,1856.6,1854.9,1856.3,2155,1866.0,1821.3
2026-07-07,1856.5,1865.5,1851.3,1857,3903,1832.6,1833.8,1832.5,1833.1,622,1865.5,1801.8
2026-07-08,1808.3,1819.7,1805,1810.5,2200,1782.3,1782.3,1779.9,1780.8,1117,1827.8,1760.1
2026-07-09,1775,1781,1773,1773.6,2357,1816.1,1818.5,1816,1818.5,2761,1822.4,1769.6
2026-07-10,1824,1834,1823,1823,3428,1864.3,1865,1863.1,1865,2017,1868.0,1821.0
2026-07-13,1838,1847.8,1834.1,1838.8,4790,1889,1889,1881.2,1886.4,10312,1890.0,1831.9
2026-07-14,1882,1882,1865,1871,2095,1857,1857.2,1857,1857,785,1882.0,1835.0
2026-07-15,1859,1863.2,1852,1859.7,3364,1846.3,1846.3,1844.6,1846,1104,1866.5,1830.5
2026-07-16,1840,1846.6,1840,1842.7,440,1822.4,1822.4,1821,1822.1,787,1846.6,1821.0
2026-07-17,1815,1816.8,1803.8,1803.8,2260,1808.3,1814.8,1804.9,1812.4,6405,1816.8,1782.8
2026-07-20,1800,1810.5,1800,1807.6,439,1771.5,1771.5,1768.1,1770,1434,1810.5,1768.1
2026-07-21,1775,1775.8,1770,1773.2,1400,1787.1,1787.1,1784.9,1786,699,1792.0,1756.2
2026-07-22,1785,1791.2,1779,1785.5,3506,1737.6,1737.6,1735.2,1737.5,2125,1791.2,1735.0
2026-07-23,1732,1732,1715.8,1724.9,3260,1725.1,1726.1,1725.1,1726,185,1733.0,1712.7
2026-07-24,1716,1719.6,1712,1717,1631,1714.4,1714.4,1713.4,1714.2,141,1730.0,1697.0
2026-07-27,1730,1740.6,1726.9,1737.7,3367,1780.5,1781.2,1780,1780.9,1107,1788.3,1726.9
2026-07-28,1770.1,1779,1760,1762,1966,1758.8,1758.8,1757.6,1757.7,185,1779.0,1748.2
2026-07-29,1755,1764.8,1751.8,1761.4,1435,1779.7,1779.8,1777.2,1777.2,470,1793.4,1751.8
2026-07-30,1766.5,1771,1760.1,1766.3,1870,1756.6,1756.6,1750.2,1754.5,2482,1785.7,1748.8
2026-07-31,1770,1770,1752.7,1759.4,1227,1750.5,1750.5,1746.1,1749.3,1173,1799.2,1746.1
2026-08-03,1755,1759.9,1750.4,1752.6,2339,1742.6,1744.3,1742.6,1744,365,1768.0,1740.1
2026-08-04,1750,1755.4,1743.1,1747.5,2595,1690,1690,1688.3,1689.5,709,1774.0,1687.0
2026-08-05,1700.2,1718.6,1700.2,1711.1,2776,1672.2,1673,1672,1672,363,1718.6,1670.7
2026-08-06,1680,1684.2,1670.5,1670.5,2550,1726,1726.9,1726,1726.8,93,1738.6,1670.5
2026-08-07,1729.9,1739.3,1725,1728.4,4451,1785.5,1785.9,1782.5,1782.5,1211,1817.6,1686.4
2026-08-10,1794.9,1794.9,1775,1775,7539,1883.7,1883.7,1881,1882.8,1590,1916.5,1774.0
2026-08-11,1884.4,1884.4,1869.2,1876.8,7443,1904.1,1906.3,1903.1,1905,1957,1937.6,1865.1
2026-08-12,1920.1,1930,1915.7,1920.4,26489,1895.3,1898.2,1895,1897.3,2134,1954.8,1891.4
2026-08-13,1907,1915.7,1907,1911.7,3981,1911,1911.1,1910,1910.2,1389,1936.0,1898.1
2026-08-14,1915,1918.1,1913.3,1918,3788,1874.5,1874.7,1874.5,1874.6,401,1925.7,1869.1
2026-08-17,1890,1911.4,1890,1905.5,10241,1909.4,1911,1909.4,1911,967,1929.0,1880.4
2026-08-18,1904,1904,1895.3,1903,1594,1972.6,1972.7,1970,1970.3,4152,1975.0,1895.3
2026-08-19,1975.2,1984,1962.7,1965.5,20842,1967.4,1968.8,1967.1,1968.8,1884,1984.0,1924.0
2026-08-20,1977,1977,1961,1963.8,6007,1963.5,1964.2,1963,1964.2,772,1977.0,1950.0
2026-08-21,1950,1966.2,1950,1953.5,1740,1933,1934,1932.7,1934,1608,1969.7,1930.2
2026-08-24,1940,1945.1,1932,1942,3941,1913.5,1915.3,1913,1913.1,1760,1954.4,1908.0
2026-08-25,1926,1926,1910,1919,2070,1923.6,1923.6,1923,1923,125,1977.0,1902.6
2026-08-26,1928.4,1938.4,1927.2,1938.4,7943,1938.4,1938.4,1937.9,1938.1,234,1964.0,1919.5
2026-08-27,1945,1945.1,1937.7,1937.7,1475,1921.5,1923,1921.1,1923,68,1949.7,1914.5
2026-08-28,1926.1,1929.6,1915,1918.7,1848,1986.1,1986.8,1984,1986.8,3249,1988.9,1909.0
2026-08-31,1985,1985,1973.9,1973.9,4799,1936.1,1936.1,1936,1936.1,379,1998.0,1925.5
2026-09-01,1940,1949.7,1940,1942,4169,1972.5,1972.5,1971.6,1972,306,1976.5,1930.0
2026-09-02,1973.8,1985,1968,1968,10824,2033.1,2033.7,2031.7,2033,678,2047.8,1955.1
2026-09-03,2050,2060,2044.9,2054.1,21157,2080.1,2083.9,2080.1,2083.4,1319,2090.0,2031.6
2026-09-04,2082,2095,2066.1,2093.3,17218,2056,2056,2054.4,2055,528,2127.0,2045.0
