date,0915_open,0915_high,0915_low,0915_close,0915_volume,1518_open,1518_high,1518_low,1518_close,1518_volume,1528_open,1528_high,1528_low,1528_close,1528_volume,session_high,session_low,day_high,day_low
2025-01-01,1086,1096.85,1082.2,1082.2,6478,1079.9,1079.9,1078.85,1079.55,1702,1079.9,1080.8,1079.25,1079.5,1919,1096.85,1077.15,1096.85,1077.15
2025-01-02,1085.65,1093.85,1077.25,1081.05,9770,1093.75,1094.45,1093.75,1094.25,3975,1094.3,1094.4,1093.25,1093.5,807,1094.75,1070.55,1095.2,1070.55
2025-01-03,1100,1101,1096.3,1098.6,3714,1117.75,1117.75,1116.35,1117.3,10063,1114.35,1115,1113.1,1114.2,3850,1122.0,1090.35,1122.0,1090.35
2025-01-06,1122.2,1127.75,1120.2,1122.65,26849,1141.4,1141.6,1141,1141.55,14771,1139.05,1140,1136.6,1138.25,8154,1157.6,1111.2,1157.6,1111.2
2025-01-07,1136.05,1148.5,1135,1142.2,11225,1151.3,1152.7,1151.2,1152.5,6960,1153.7,1154.05,1152.65,1152.75,7131,1167.45,1135.0,1167.45,1135.0
2025-01-08,1153,1153.5,1149.25,1149.25,12248,1157.05,1157.35,1156.95,1157.05,13908,1154.8,1156.95,1152.5,1152.9,6335,1157.6,1135.65,1159.25,1135.65
2025-01-09,1153.1,1155.9,1150.4,1155.15,4986,1180.35,1180.5,1179.2,1180.25,6772,1182,1183.3,1182,1183,6983,1198.45,1150.4,1198.45,1150.4
2025-01-10,1181.2,1189.55,1174.5,1180.2,10402,1174.8,1174.8,1174,1174,3926,1173.7,1174.6,1171.6,1174.15,5142,1189.55,1167.65,1189.55,1167.65
2025-01-13,1165,1173.75,1162.05,1173.75,3759,1158.85,1159,1158.35,1158.75,7403,1159.45,1160.4,1159.2,1159.2,4484,1180.0,1156.55,1180.0,1156.55
2025-01-14,1161.95,1164.75,1158.45,1160.3,3632,1141.1,1142.2,1141,1141.85,7817,1146.55,1148.1,1144.95,1147.75,25019,1164.75,1130.05,1164.75,1130.05
2025-01-15,1140,1142.95,1136.25,1138.6,13483,1128.8,1128.8,1128.2,1128.25,1959,1129.95,1130.05,1129.65,1130,6277,1142.95,1126.15,1142.95,1126.15
2025-01-16,1130.1,1140.05,1130.1,1138.5,7344,1149.45,1149.7,1149.15,1149.25,3806,1148.6,1150.2,1147,1150.2,33869,1153.5,1126.45,1153.5,1126.45
2025-01-17,1153,1158.3,1149,1158.3,4344,1187,1188.3,1186.25,1187.75,27552,1188.5,1189,1186.55,1188.35,8106,1197.45,1149.0,1197.45,1149.0
2025-01-20,1193.95,1193.95,1188,1189.4,9878,1167.4,1167.45,1166.65,1167.1,4880,1166,1166.4,1164.15,1164.25,4164,1193.95,1164.35,1193.95,1164.15
2025-01-21,1172.5,1172.5,1166.85,1172.25,8389,1158.8,1159.8,1157.9,1159.8,17085,1159.35,1168.8,1157.65,1162.65,12507,1179.4,1155.5,1179.4,1155.5
2025-01-22,1163.05,1168.5,1150.9,1165.25,31162,1153.6,1154.25,1153,1153.25,14870,1150.65,1155.4,1150.05,1154.8,25963,1168.5,1137.55,1168.5,1137.55
2025-01-23,1141.25,1150,1120.85,1133,37225,1144.9,1145.05,1143.65,1143.9,5713,1143.65,1144.35,1142,1143.15,3558,1166.05,1120.85,1166.05,1120.85
2025-01-24,1145.95,1147.95,1144,1144.5,3441,1129.85,1130.6,1129.2,1129.2,2585,1130.35,1131.15,1128.9,1129.4,7554,1147.95,1125.4,1147.95,1125.4
2025-01-27,1117.05,1117.05,1097.5,1112.2,31998,1125.65,1127.1,1125.65,1126.2,4063,1125,1126.7,1121.4,1125.3,3566,1132.4,1097.5,1132.4,1097.5
2025-01-28,1126.65,1126.65,1118.3,1119.7,7691,1125.65,1126.25,1125.5,1125.75,3611,1126.3,1126.3,1124.2,1124.2,4266,1137.65,1111.05,1137.65,1111.05
2025-01-29,1117.55,1122.85,1114.9,1118.7,12611,1117.55,1118.2,1117.15,1117.55,2990,1119.1,1119.9,1116.8,1118.55,3477,1122.85,1108.4,1122.85,1108.4
2025-01-30,1118.15,1121.6,1111.45,1111.45,2293,1118.1,1119,1117.75,1118.45,29808,1118.2,1119.8,1117.65,1118.45,34612,1126.0,1111.45,1126.0,1111.45
2025-01-31,1112,1122.35,1112,1120.7,8586,1121.35,1121.4,1121.05,1121.2,5428,1123.2,1123.9,1122.9,1123.25,12249,1136.3,1112.0,1136.3,1112.0
2025-02-01,1126.8,1131.35,1118.55,1123.55,10403,1193.9,1194.45,1192.2,1192.7,10959,1185,1185,1183.1,1184,3474,1214.5,1118.55,1214.5,1118.55
2025-02-03,1175.05,1177.95,1155.3,1162.95,30995,1154.65,1154.65,1152.75,1153.1,15761,1152.55,1153.9,1151,1153,5277,1187.9,1139.55,1187.9,1139.55
2025-02-04,1161.2,1161.2,1150.25,1154.2,10966,1134.7,1135,1134.4,1135,3625,1134.6,1137.45,1134.6,1135.9,11312,1161.2,1127.0,1161.2,1127.0
2025-02-05,1141.2,1141.2,1127.05,1129.95,4541,1119.25,1119.3,1119.1,1119.25,8505,1116.8,1118,1116,1116.9,7282,1141.2,1118.2,1141.2,1116.0
2025-02-06,1118.75,1120.75,1115.75,1119.45,2211,1119.55,1120.4,1119.5,1119.65,1545,1119.35,1119.75,1119,1119.65,764,1132.3,1115.75,1132.3,1115.75
2025-02-07,1120,1122.05,1113.6,1114,2581,1106.7,1106.75,1106.3,1106.55,3103,1106.5,1106.6,1105.35,1105.8,1839,1122.05,1094.55,1122.05,1094.55
2025-02-10,1112.25,1170,1103.05,1109,9177,1091.35,1092.9,1091.2,1092.9,2410,1092.1,1094,1091.6,1093.4,1668,1170.0,1080.0,1170.0,1080.0
2025-02-11,1095.05,1106.95,1095,1095.35,3664,1071.3,1071.65,1071.3,1071.6,1312,1070.75,1070.75,1070,1070,3097,1106.95,1064.25,1106.95,1064.25
2025-02-12,1071.25,1075.55,1070.8,1071.2,2126,1073.15,1074,1073.05,1073.95,8804,1073.1,1075.15,1071.75,1074.75,9602,1081.6,1053.6,1081.6,1053.6
2025-02-13,1072.75,1077.55,1070.1,1070.35,3393,1053.7,1053.8,1052.95,1053.55,6990,1051.9,1052,1050.7,1050.75,6982,1077.55,1049.0,1077.55,1049.0
2025-02-14,1058.05,1058.55,1052.1,1053.95,3740,1059.35,1059.5,1058.5,1059.5,2542,1058.4,1058.5,1055.1,1058,2106,1074.0,1052.1,1074.0,1052.1
2025-02-17,1058.8,1058.8,1040,1041.9,9624,1039,1039.25,1038.45,1039.05,2180,1039,1039,1038.7,1039,2402,1058.8,1033.6,1058.8,1033.6
2025-02-18,1039.9,1044.45,1034.75,1037.15,10727,1015.65,1015.65,1015.05,1015.1,3570,1015,1015.95,1015,1015.95,3641,1044.45,1006.0,1044.45,1006.0
2025-02-19,1015.55,1017.95,1007.5,1008.5,7025,1023.15,1023.65,1022.5,1022.65,8040,1024.65,1025.7,1023.4,1025,11690,1026.9,997.2,1026.9,997.2
2025-02-20,1020,1035.6,1019.05,1033.4,13221,1076,1076.55,1075.15,1075.4,23768,1075.7,1077.15,1075.7,1076.25,4248,1080.85,1019.05,1080.85,1019.05
2025-02-21,1075,1079.9,1067.7,1068.85,8486,1052.6,1053.7,1052.25,1053.7,2843,1052.8,1052.85,1050.6,1050.6,3921,1079.9,1047.35,1079.9,1047.35
2025-02-24,1048.15,1050.6,1043.4,1049.65,128309,1045.45,1045.7,1044,1044.3,3891,1045.4,1046.6,1043.85,1046.55,5262,1051.8,1035.25,1051.8,1035.25
2025-02-25,1047.75,1048.15,1041.35,1046.5,5632,1056.85,1056.9,1056.55,1056.75,2803,1055.65,1056.45,1055.2,1056.2,2419,1064.4,1041.35,1064.4,1041.35
2025-02-27,1057.1,1067.7,1052,1056.4,13412,1050.9,1050.9,1050.75,1050.8,5291,1051,1051.85,1050.85,1051.05,64799,1067.7,1040.5,1067.7,1040.5
2025-02-28,1040.05,1055,1037.2,1039.35,7543,1000.7,1002.85,1000.6,1001.8,33765,1007.1,1010.1,1003.4,1008.3,22572,1055.0,1000.6,1055.0,999.35
2025-03-03,1006,1014.75,1006,1008.4,7019,998.1,998.5,997.8,997.95,6529,999.8,1000,999.05,1000,5375,1014.75,990.0,1014.75,990.0
2025-03-04,990,990,981.3,983.85,8034,989.85,989.85,988.5,988.5,5832,988.05,988.2,987.05,988.2,7501,997.1,979.5,997.1,979.5
2025-03-05,990.25,992.05,986.75,988.5,6482,991.7,991.7,990.75,990.85,28588,992,992.25,991.7,992.15,19061,1005.9,986.65,1005.9,986.65
2025-03-06,998,1015.85,998,1015.85,32335,1030.2,1030.35,1029.7,1030.15,5939,1030.65,1030.75,1029.2,1029.25,3736,1037.75,998.0,1037.75,998.0
2025-03-07,1020.1,1044.8,1017.2,1022.5,9385,1045,1045,1043.65,1044.25,8304,1042.75,1043.7,1042,1042.25,6774,1053.4,1017.2,1053.4,1017.2
2025-03-10,1042,1051.4,1039.6,1050,18672,1043.7,1043.7,1042.65,1042.65,4919,1043.1,1043.1,1040.9,1041.7,10142,1063.2,1036.9,1063.2,1036.9
2025-03-11,1025,1039.65,1025,1035.95,5134,1040.65,1040.8,1039.8,1039.8,2947,1038.85,1040.45,1038.85,1040.45,2467,1050.0,1025.0,1050.0,1025.0
2025-03-12,1039.25,1043.9,1036.2,1036.2,1488,1042.6,1043.75,1042.6,1043.05,5773,1042.9,1044.65,1042.35,1043.6,1831,1046.9,1028.85,1046.9,1028.85
2025-03-13,1045,1045,1036.05,1041.05,4769,1029.95,1030.5,1029.2,1029.9,9188,1030,1031.1,1030,1030.1,1838,1045.0,1020.35,1045.0,1020.35
2025-03-17,1025.1,1047.8,1024.65,1037.4,10747,1052,1052.5,1052,1052.5,6981,1055.7,1056.6,1055,1056.1,12899,1061.4,1024.65,1061.4,1024.65
2025-03-18,1064.55,1080.75,1064.55,1069.95,201155,1083.5,1083.75,1083.25,1083.45,10093,1085.6,1085.6,1084.3,1085.55,6729,1090.75,1064.55,1090.75,1064.55
2025-03-19,1085.1,1087,1075.15,1075.6,78748,1074.85,1075,1074.35,1074.35,27666,1073.2,1073.3,1073,1073,1534,1087.0,1064.35,1087.0,1064.35
2025-03-20,1074.95,1093.8,1074.95,1081.6,22247,1102.2,1102.8,1102,1102.4,3058,1099.5,1100.65,1099,1099.5,4717,1104.7,1074.95,1104.7,1074.95
2025-03-21,1105.5,1105.95,1094.95,1098.4,15383,1111,1112,1111,1111.5,14763,1111.4,1113.35,1111,1111.55,4205,1120.55,1094.0,1120.55,1094.0
2025-03-24,1116,1120.1,1108,1111.2,10795,1106.35,1106.45,1105.65,1105.7,5099,1107.2,1107.45,1107,1107.45,7683,1120.1,1098.5,1120.1,1098.5
2025-03-25,1111.85,1111.85,1100.05,1101.05,4993,1129,1129.75,1128.4,1128.95,4837,1130,1130.05,1127.6,1129.4,129791,1134.9,1097.6,1134.9,1097.6
2025-03-26,1129.95,1134.95,1128,1133,17618,1130.45,1130.75,1130,1130.05,13390,1127.05,1128.6,1125.95,1127.05,11242,1138.85,1103.25,1138.85,1103.25
2025-03-27,1133.95,1136.55,1123.8,1125.4,27160,1145.6,1146,1144,1145.8,96349,1145.35,1150,1143.6,1146.15,60645,1148.6,1115.55,1150.0,1115.55
2025-03-28,1054.05,1138.4,1054.05,1135.95,45033,1158.3,1158.75,1158.15,1158.75,12608,1159.15,1159.5,1158.55,1158.55,10399,1169.65,1054.05,1169.65,1054.05
2025-04-01,1150.7,1153.95,1142.3,1149.8,27715,1143.2,1143.7,1142.6,1143.6,15884,1143,1143.25,1142.95,1143.1,1688,1163.6,1141.5,1163.6,1141.5
2025-04-02,1149.35,1151.85,1145.05,1145.65,10571,1162.7,1162.95,1162.65,1162.95,3126,1163.15,1163.9,1161.9,1163.9,5355,1164.2,1136.0,1164.2,1136.0
2025-04-03,1148.95,1153.7,1138.95,1151.7,17846,1162.2,1162.2,1161.85,1162,7109,1164.7,1167.05,1164.15,1164.4,1743,1176.7,1138.95,1176.7,1138.95
2025-04-04,1169.5,1173.45,1161.55,1162.7,13325,1155.55,1156,1155.1,1155.9,5344,1156.55,1157.45,1155.65,1156.65,2453,1173.45,1142.95,1173.45,1142.95
2025-04-07,1158,1175.55,1125.05,1142.1,90880,1159.3,1160.75,1159.05,1159.45,193489,1160.05,1160.55,1158.5,1159.15,11776,1177.6,1125.05,1177.6,1125.05
2025-04-08,1178.5,1183,1173.1,1180.75,32733,1196.5,1197.5,1196.25,1197.5,11471,1200.25,1200.35,1198.85,1198.85,7515,1204.5,1173.1,1204.5,1173.1
2025-04-09,1197.25,1210.85,1196.25,1210.85,13932,1241.1,1242,1240.95,1241.8,14043,1239,1240,1238,1238,6334,1247.6,1196.25,1249.0,1196.25
2025-04-11,1285.3,1286,1248.55,1249.25,62752,1222.8,1223.65,1221.6,1223.55,21314,1223.95,1225.2,1223.05,1225,4807,1286.0,1207.7,1286.0,1207.7
2025-04-15,1234.7,1238.4,1228.3,1228.3,14458,1217.2,1217.2,1217,1217.1,11358,1216.5,1217.2,1215.2,1216.9,7556,1239.0,1203.4,1239.0,1203.4
2025-04-16,1218.8,1223.7,1211.6,1221.4,15334,1244.6,1245.2,1244.4,1244.9,31693,1245.5,1245.5,1245,1245.1,3086,1246.8,1211.6,1246.8,1211.6
2025-04-17,1232.2,1232.2,1214.4,1220.7,27421,1239.3,1240.4,1239.3,1240,6504,1240.1,1241.1,1240,1240,10749,1245.3,1214.4,1245.3,1214.4
2025-04-21,1245,1245.2,1236,1240.9,14853,1213,1213,1212.2,1212.5,5543,1213.5,1214.5,1213.5,1214.5,4007,1245.2,1211.0,1245.2,1211.0
2025-04-22,1225,1227.4,1214,1217.5,22102,1232.7,1232.7,1231.3,1232.5,13163,1233.7,1233.8,1233.4,1233.5,4784,1247.4,1214.0,1247.4,1214.0
2025-04-23,1231.4,1237.4,1231.4,1236.9,4978,1269.5,1269.7,1269.5,1269.5,7453,1267.4,1267.5,1265,1266,8709,1270.1,1231.4,1270.1,1231.4
2025-04-24,1275,1275,1260.8,1263.2,19721,1270,1271.7,1268.5,1269.6,20681,1265,1266.5,1262.6,1262.8,4266,1275.0,1226.0,1275.0,1226.0
2025-04-25,1265,1281,1265,1279.6,13640,1265.4,1266.2,1263.5,1265.9,9411,1265.2,1265.2,1259,1261.8,4667,1281.0,1255.4,1281.0,1255.4
2025-04-28,1267.1,1270.6,1263.1,1268.7,6626,1267.3,1268.6,1267.1,1268.6,17726,1264.7,1264.7,1261.7,1261.7,1752,1270.6,1245.7,1270.6,1245.7
2025-04-29,1267,1267,1251,1256,9145,1262.1,1262.2,1262,1262,7978,1261.9,1263.5,1261.3,1261.3,3137,1279.0,1248.2,1279.0,1248.2
2025-04-30,1260,1265,1257.2,1260,4724,1261.3,1261.3,1255.9,1257.1,44580,1255.6,1263.3,1250.1,1259.6,26600,1275.7,1255.9,1275.7,1239.7
2025-05-02,1260,1269.4,1255,1261.1,7440,1254.8,1255.5,1252,1252.1,4520,1255.4,1255.5,1252.7,1252.7,2219,1279.0,1252.0,1279.0,1251.5
2025-05-05,1264,1266.4,1260.9,1264.5,2226,1261.8,1262.1,1261.7,1262,2786,1264.5,1264.6,1262,1263.3,5296,1287.9,1258.8,1287.9,1258.8
2025-05-06,1267.5,1270,1259.8,1265.3,10353,1251.8,1252.2,1251.4,1251.7,3266,1252.4,1253.4,1250,1253.4,3536,1272.0,1248.4,1272.0,1248.4
2025-05-07,1233.6,1239,1211.5,1234.5,36725,1245,1245.1,1245,1245,12569,1245.4,1245.4,1245,1245,3797,1254.1,1211.5,1254.1,1211.5
2025-05-08,1245.1,1246.9,1236.6,1240.8,9697,1241.5,1242,1240.9,1241.3,12986,1240.5,1240.5,1237.2,1237.2,6453,1272.4,1236.5,1272.4,1236.5
2025-05-09,1200,1239,1195.2,1226.1,12404,1242.2,1242.4,1241.3,1242,4866,1243,1243.2,1240.8,1240.8,1997,1245.2,1195.2,1245.2,1195.2
2025-05-12,1282,1284,1263.1,1278,36716,1288.6,1289.1,1288.6,1289.1,2423,1291,1291,1289,1289,5053,1292.2,1257.6,1292.9,1257.6
2025-05-13,1293,1295,1281.8,1289.3,13589,1265.2,1265.5,1264.2,1264.9,4515,1268.3,1268.6,1266.7,1266.7,2150,1295.0,1264.1,1295.0,1264.0
2025-05-14,1266,1277.4,1263.4,1266.8,8504,1281.6,1281.6,1281.2,1281.4,2997,1282.4,1282.4,1280.3,1282,2760,1287.4,1259.2,1287.4,1259.2
2025-05-15,1275.1,1279.9,1274.6,1276.9,6059,1288,1288.3,1287.3,1288,5785,1287.7,1290.2,1285.1,1286.3,8982,1298.4,1270.3,1298.4,1270.3
2025-05-16,1290.5,1292,1283,1283.1,2735,1299.7,1300,1299.6,1299.8,3232,1295,1295,1291.5,1292,29573,1305.0,1282.2,1305.0,1282.2
2025-05-19,1303,1303,1295.6,1298.5,8635,1291,1291.2,1291,1291.2,3042,1292.1,1293.8,1291.5,1293.8,2400,1308.2,1290.0,1308.2,1290.0
2025-05-20,1297,1299.6,1292,1298.5,1895,1261,1261,1260.6,1260.7,5452,1264.3,1265.3,1262.8,1264.1,2806,1301.4,1257.6,1301.4,1257.6
2025-05-21,1260,1274.2,1256,1272.6,9571,1280,1280,1279.9,1280,3792,1279.6,1281.3,1279.4,1280.6,2252,1292.2,1256.0,1292.2,1256.0
2025-05-22,1285,1285,1274.4,1275.3,7448,1265.1,1265.1,1264.2,1264.9,2195,1265.6,1266.1,1264.1,1264.7,1601,1285.0,1255.2,1285.0,1255.2
2025-05-23,1264,1268.9,1260.4,1267.8,3238,1277.4,1277.4,1277.3,1277.3,1361,1278.6,1278.6,1277.9,1278.3,619,1283.3,1260.4,1283.3,1260.4
2025-05-26,1278.8,1287.4,1277.1,1283.9,8334,1284.8,1285.1,1284.5,1285,2039,1284.2,1284.7,1283.2,1283.7,865,1291.2,1277.1,1291.2,1277.1
2025-05-27,1283.8,1283.8,1271.2,1274.7,6670,1270.4,1270.4,1269.2,1269.3,5033,1268,1270.4,1267.6,1270.3,5730,1283.8,1258.8,1283.8,1258.8
2025-05-28,1275,1277,1271.1,1276.8,944,1258,1258,1255.6,1256,2698,1251.8,1251.8,1251,1251.1,1914,1279.8,1255.6,1279.8,1250.5
2025-05-29,1260,1261.9,1229.1,1230.8,41067,1247.4,1250,1247.3,1250,8408,1245.8,1247,1244.8,1244.9,3445,1261.9,1224.0,1261.9,1224.0
2025-05-30,1246.1,1251.5,1240,1243.8,5970,1228.9,1229,1228.8,1229,12280,1231.6,1233,1229.3,1230.9,11528,1251.5,1227.2,1251.5,1227.2
2025-06-02,1256.9,1298.4,1256.9,1289.1,100376,1265.2,1265.5,1264.3,1265,31177,1264.2,1265.3,1263.3,1263.6,21959,1301.3,1256.9,1301.3,1256.9
2025-06-03,1264.1,1268.7,1262.5,1264.4,12756,1237.9,1238.2,1237.1,1237.7,4282,1237,1237.7,1235.6,1237.2,3936,1268.7,1235.8,1268.7,1235.6
2025-06-04,1240.1,1242.1,1237.8,1239.9,6674,1226.3,1226.4,1225,1225,9840,1226.1,1226.1,1225,1225.3,1635,1242.1,1220.1,1242.1,1220.1
2025-06-05,1234,1234.5,1225.8,1225.8,8445,1214.8,1214.9,1213.5,1214.8,15465,1214.6,1215.7,1213.2,1213.9,3791,1234.5,1213.3,1234.5,1210.1
2025-06-06,1220,1220,1207.3,1207.8,12175,1209.9,1210,1209.8,1209.8,4835,1209.6,1210.9,1209.6,1210.2,7651,1221.6,1206.3,1221.6,1206.3
2025-06-09,1216,1217,1212,1213,4200,1218.5,1218.6,1218.2,1218.6,3314,1217.5,1220,1216.3,1216.8,6115,1224.6,1206.7,1224.6,1206.7
2025-06-10,1224.5,1224.5,1218.3,1218.3,2090,1215.7,1215.7,1215.4,1215.5,5508,1214.8,1215.1,1214.8,1215.1,5331,1224.5,1209.1,1224.5,1209.1
2025-06-11,1218.1,1220.9,1216.1,1217,2758,1223.3,1224.1,1223.2,1223.2,8326,1224.7,1225,1224.6,1224.6,2425,1234.0,1216.0,1234.0,1216.0
2025-06-12,1225,1225.9,1220.4,1221.2,9903,1203.1,1203.2,1203,1203.1,3898,1202.9,1203,1200.7,1201.5,5638,1225.9,1200.1,1225.9,1200.1
2025-06-13,1170,1187.7,1160,1179.3,36108,1188.6,1188.8,1188.2,1188.8,8347,1190.2,1191.9,1189.1,1190.3,2652,1194.4,1160.0,1194.4,1160.0
2025-06-16,1191,1194.8,1187,1191.4,8873,1189.6,1189.6,1188.9,1189,8235,1186.4,1186.5,1185.3,1186.4,3327,1194.8,1175.3,1194.8,1175.3
2025-06-17,1190,1193,1186,1188.6,5635,1197.1,1197.3,1196.5,1196.7,12183,1195.2,1195.2,1193.5,1193.5,14658,1198.0,1179.2,1199.2,1179.2
2025-06-18,1189.9,1193.7,1185.2,1191.1,9604,1196.9,1197,1196.6,1196.7,6626,1195.1,1196,1193.1,1194,6161,1202.3,1181.6,1202.3,1181.6
2025-06-19,1194.5,1194.5,1188.9,1191.9,3657,1194.7,1194.9,1194.3,1194.5,5849,1194.1,1194.1,1191.2,1192.6,20126,1205.8,1188.9,1205.8,1188.9
2025-06-20,1192.2,1194.5,1190.2,1192.4,7001,1188.4,1189.8,1188.3,1189.4,77886,1190.1,1194.4,1189.3,1189.8,59611,1195.8,1181.1,1196.1,1181.1
2025-06-23,1189,1191.7,1186.7,1188.7,1980,1171,1171,1169.8,1169.8,13314,1170.5,1170.8,1170.1,1170.3,6042,1192.4,1168.1,1192.4,1168.1
2025-06-24,1181,1182,1176.2,1177.7,6320,1173.7,1173.8,1173,1173.6,11680,1175.2,1176,1173.3,1173.8,4984,1188.4,1172.5,1188.4,1171.9
2025-06-25,1178.5,1182.6,1178,1181.4,5684,1184.7,1184.7,1183.8,1184.4,6791,1185.3,1186,1185.3,1186,5107,1189.2,1170.5,1189.2,1170.5
2025-06-26,1191.1,1191.3,1182.1,1183.8,10400,1184.8,1184.8,1184,1184,10415,1182.8,1182.8,1181.4,1182.4,3511,1191.3,1172.7,1191.3,1172.7
2025-06-27,1183,1185.4,1180,1180,3192,1176.1,1177.9,1176.1,1177.3,73859,1177.8,1179.2,1177.8,1179.2,21613,1186.7,1170.0,1186.7,1170.0
2025-06-30,1182,1182.9,1178.8,1178.8,1081,1178,1178.2,1178,1178.1,17768,1178.2,1180.9,1178,1180.9,8543,1182.9,1171.2,1182.9,1171.2
2025-07-01,1181,1181.9,1178,1180.8,7105,1168.6,1168.6,1168.5,1168.5,11036,1171.1,1171.1,1170.6,1170.6,3544,1182.6,1162.7,1182.6,1162.7
2025-07-02,1168.6,1171.3,1160.3,1163.2,22977,1174.4,1174.4,1173.3,1173.7,9948,1176.1,1176.9,1175.4,1175.8,2217,1182.3,1160.3,1182.3,1160.3
2025-07-03,1178.8,1178.8,1174.7,1177.3,902,1171.5,1171.6,1170,1171,6511,1170.9,1173.2,1170.5,1173.2,8937,1182.0,1170.0,1182.0,1169.9
2025-07-04,1171.2,1175.2,1171.2,1173.2,1117,1195,1195,1193.2,1193.3,15830,1196.2,1198.4,1195,1197.7,14616,1196.4,1170.1,1198.4,1170.1
2025-07-07,1225.2,1264,1225.2,1258.1,390248,1269.3,1270.2,1267.8,1267.9,82456,1268.5,1269.2,1268.2,1268.9,13459,1271.9,1225.2,1271.9,1225.2
2025-07-08,1252.5,1268,1252.2,1263.9,50637,1278.6,1279.3,1278.4,1279,17587,1277.6,1278,1276.5,1278,4090,1282.0,1252.2,1282.0,1252.2
2025-07-09,1272,1277.9,1272,1277.9,8038,1292.7,1294.3,1292.7,1293.2,20527,1295.1,1295.5,1294.5,1294.5,4918,1308.0,1272.0,1308.0,1272.0
2025-07-10,1290,1290,1284.2,1285.4,5285,1286.8,1287.5,1286.2,1286.6,10030,1286,1286.4,1285.6,1286.1,2810,1291.6,1282.3,1291.6,1282.3
2025-07-11,1284.1,1296,1280.8,1286.9,39047,1284.8,1286,1283.6,1285.7,13648,1285.7,1286.3,1285.4,1286.3,5679,1306.0,1280.0,1306.0,1280.0
2025-07-14,1288,1289.3,1281.4,1288,32849,1265.4,1265.4,1264.8,1264.8,10724,1266.3,1266.5,1264.9,1266.5,11229,1289.3,1264.8,1289.3,1264.3
2025-07-15,1268.3,1271.8,1268.3,1269.1,2857,1270.2,1270.6,1269.3,1269.8,10620,1274,1274.2,1269.3,1269.8,6684,1278.3,1261.2,1278.3,1261.2
2025-07-16,1270,1270.1,1259.1,1260.7,9826,1267.9,1267.9,1267,1267,3851,1265,1265,1262.1,1263.2,9420,1270.1,1253.6,1270.1,1253.6
2025-07-17,1267.3,1267.3,1263.6,1263.7,2500,1277.8,1277.8,1277.2,1277.3,3686,1275.7,1275.7,1275.1,1275.2,1532,1283.0,1262.4,1283.0,1262.4
2025-07-18,1278.2,1279.8,1272.7,1273.4,2607,1251.1,1251.5,1251.1,1251.2,4447,1253.3,1254.7,1251.3,1254.5,4173,1279.8,1245.8,1279.8,1245.8
2025-07-21,1251.3,1255.6,1246.3,1251.2,3975,1239.7,1240,1239.5,1239.9,3860,1239.8,1240,1238.7,1240,3882,1255.6,1236.4,1255.6,1236.4
2025-07-22,1240.1,1243.4,1236.3,1237.6,2461,1240.7,1242,1240.6,1242,24794,1246.5,1248.5,1243,1246.2,40800,1244.6,1230.2,1249.8,1230.2
2025-07-23,1246,1249.5,1243.5,1244.7,15758,1231.8,1232,1231.7,1231.8,3781,1233.1,1233.1,1232,1232.9,2771,1249.5,1229.1,1249.5,1229.1
2025-07-24,1233.7,1239.4,1233.7,1236.6,3084,1223.9,1224.2,1223.7,1224.1,3763,1223,1223.8,1222.2,1222.6,3611,1239.4,1222.1,1239.4,1222.1
2025-07-25,1224.4,1224.9,1214,1217,10979,1218,1218,1217.8,1218,3248,1216.9,1220,1216,1217.9,5059,1224.9,1210.1,1224.9,1210.1
2025-07-28,1215,1218.9,1210.2,1218.9,203110,1215.1,1215.2,1214.7,1214.8,5223,1212.3,1214.9,1211.4,1214.8,7391,1236.5,1205.8,1236.5,1205.8
2025-07-29,1214.8,1214.8,1207,1209.1,6457,1212.7,1213,1208.9,1209.5,13636,1210.8,1214.8,1209.3,1214.8,16570,1214.8,1202.2,1214.8,1202.2
2025-07-30,1215.4,1215.4,1207,1207.2,6590,1217.3,1218,1217.3,1218,4410,1217,1217.5,1216.1,1216.1,4405,1220.1,1202.3,1220.1,1202.3
2025-07-31,1207.3,1213.1,1205.1,1213.1,2621,1259.8,1259.8,1258.6,1259,6508,1258.6,1258.9,1257.7,1258.5,2761,1265.5,1205.1,1265.5,1205.1
2025-08-01,1270,1290,1264.7,1283.1,48292,1266.9,1266.9,1266.7,1266.9,3954,1263.2,1264.4,1260.6,1264.4,5352,1290.0,1263.7,1290.0,1260.6
2025-08-04,1269.9,1269.9,1250.3,1250.3,9255,1249.4,1249.8,1249,1249.8,10304,1246.4,1248.4,1246.4,1247,5873,1269.9,1226.2,1269.9,1226.2
2025-08-05,1254.9,1254.9,1241.5,1248,9729,1219.9,1221.2,1219.9,1221.2,8733,1223.1,1225.2,1222.3,1224.9,1854,1254.9,1213.4,1254.9,1213.4
2025-08-06,1219.4,1220.6,1216,1217.3,3628,1201.4,1201.9,1200.4,1200.5,6362,1200,1200.1,1198.3,1198.3,6435,1220.6,1188.0,1220.6,1188.0
2025-08-07,1197,1200.1,1193.2,1197.5,2095,1221.1,1221.1,1219.4,1220.1,4617,1220.9,1222,1220,1220.8,4401,1225.0,1193.2,1225.0,1193.2
2025-08-08,1215.2,1246,1215.2,1228.9,54816,1184.9,1185.1,1184.1,1185,7199,1186.6,1186.6,1185.6,1186,3267,1246.0,1182.9,1246.0,1182.9
2025-08-11,1187.1,1195.6,1177.8,1183.6,16519,1200.5,1200.8,1200.2,1200.2,7479,1200,1200,1196.8,1200,5851,1201.9,1159.6,1203.1,1159.6
2025-08-12,1200,1201.1,1197.1,1198.3,2090,1200.1,1200.1,1200,1200.1,3273,1199.6,1199.7,1197.3,1197.5,5860,1208.8,1189.4,1208.8,1189.4
2025-08-13,1205.5,1206.5,1195.4,1198.5,5675,1198.3,1198.3,1198.1,1198.2,2313,1198,1198,1197.9,1198,4042,1206.5,1185.3,1206.5,1185.3
2025-08-14,1197.5,1199.3,1193.6,1193.6,2880,1184,1184,1182.9,1182.9,5838,1182.7,1182.8,1180.9,1181.5,6799,1200.9,1174.7,1200.9,1174.7
2025-08-18,1201,1208.6,1199,1203.8,12360,1208.2,1208.8,1207.4,1207.6,8968,1209.5,1210.6,1209.4,1209.7,14931,1226.1,1199.0,1226.1,1199.0
2025-08-19,1209.6,1214.9,1206,1207.6,7881,1219,1219.1,1217.7,1218.4,14575,1219.7,1220.7,1217.8,1220.4,16968,1219.7,1204.2,1220.7,1204.2
2025-08-20,1211,1220,1211,1217.4,3274,1247,1247,1246.6,1246.8,2867,1246.8,1247.3,1246.8,1247.3,2217,1252.0,1211.0,1252.0,1211.0
2025-08-21,1253,1253,1236.5,1239.5,13893,1248.5,1248.5,1247.5,1247.5,2737,1245.5,1247.6,1244.4,1247,14388,1253.0,1220.3,1253.0,1220.3
2025-08-22,1246.6,1258.8,1242.4,1255.2,62877,1255.6,1256.1,1255.1,1255.7,4520,1256.7,1257.3,1255.7,1256.1,1722,1265.4,1242.4,1265.4,1242.4
2025-08-25,1264.2,1269.9,1258,1269.9,10961,1261.3,1261.4,1261.2,1261.4,7186,1260.7,1260.7,1259.1,1260.6,1321,1269.9,1252.1,1269.9,1252.1
2025-08-26,1261,1261,1254.9,1257.9,4026,1258.9,1261.7,1258.5,1259.9,33149,1259.2,1259.3,1259,1259,11800,1268.1,1249.2,1268.1,1249.2
2025-08-28,1262.9,1262.9,1256,1260.2,7879,1249.8,1250.1,1249.5,1250.1,14104,1252,1252.5,1250,1251.2,5567,1280.5,1248.0,1280.5,1248.0
2025-08-29,1257,1270.8,1256.8,1270,15540,1244.3,1244.3,1242.7,1243.2,8241,1242,1242.2,1240.9,1241.6,6563,1280.0,1230.1,1280.0,1230.1
2025-09-01,1248.9,1248.9,1239,1244.7,6868,1256.2,1256.7,1255.9,1256.3,4409,1256.2,1257,1256,1256.6,846,1265.6,1232.3,1265.6,1232.3
2025-09-02,1250,1263.9,1247.1,1261.4,3183,1284.1,1284.1,1284,1284,9335,1286.6,1286.7,1286,1286.1,2329,1284.8,1247.1,1286.8,1247.1
2025-09-03,1290.9,1290.9,1281.3,1284.8,13738,1276,1276.3,1276,1276,6190,1274.8,1275.1,1273.1,1273.1,1857,1290.9,1267.5,1290.9,1267.5
2025-09-04,1309,1309,1289.6,1291.9,75179,1244.8,1245.7,1244.5,1245.3,33196,1246.3,1246.6,1245.9,1246,3458,1309.0,1241.6,1309.0,1241.6
2025-09-05,1245.3,1251.6,1244.1,1251,8548,1231.5,1232.3,1231.5,1232.3,6155,1231.8,1231.8,1225.6,1225.6,3854,1252.8,1220.1,1252.8,1220.1
2025-09-08,1237,1237,1230.7,1235.8,2426,1229.3,1229.5,1229,1229.5,1602,1230.5,1231,1230.5,1230.8,5805,1244.1,1224.2,1244.1,1224.2
2025-09-09,1235.9,1239.9,1233.6,1235.3,7899,1243.9,1243.9,1243.6,1243.9,5566,1248.5,1250,1248,1248,4979,1246.3,1225.1,1250.0,1225.1
2025-09-10,1249,1254.7,1248,1254.7,8416,1256.2,1256.3,1255.7,1255.9,5582,1257.8,1260,1257,1257.1,6717,1256.5,1235.5,1260.0,1235.5
2025-09-11,1256.2,1258.6,1252.8,1255.7,6163,1267.6,1268.2,1266.7,1267.8,25169,1266.9,1266.9,1263,1263.1,18555,1268.8,1249.9,1270.1,1249.9
2025-09-12,1266.5,1266.5,1258.4,1259.2,8743,1248.8,1249.3,1248.7,1248.9,13682,1252.4,1253.5,1248.8,1253,30899,1266.5,1235.7,1266.5,1235.7
2025-09-15,1243,1254.9,1243,1252.8,6693,1257.7,1257.7,1257.2,1257.7,1452,1258.4,1258.4,1257.3,1258.4,5343,1258.6,1243.0,1258.9,1243.0
2025-09-16,1262,1264.5,1259.8,1262.9,7433,1230.6,1230.6,1230.2,1230.3,7123,1231.1,1231.7,1230.8,1231.1,7062,1264.5,1225.1,1264.5,1225.1
2025-09-17,1235,1237.7,1231.3,1231.3,8163,1241.6,1242,1241.1,1241.9,2346,1240.1,1243,1240.1,1241.5,1917,1243.4,1223.5,1248.0,1223.5
2025-09-18,1242.6,1242.6,1238,1239,3319,1237.9,1238.5,1237.7,1237.7,5301,1237.1,1237.2,1231,1236,6328,1242.6,1228.6,1243.4,1228.6
2025-09-19,1238,1238.9,1235.5,1238.7,2324,1240.1,1240.2,1239,1239.5,11625,1239.2,1239.3,1235.2,1236.3,8415,1241.9,1228.0,1241.9,1228.0
2025-09-22,1240,1242.2,1239,1241.5,5021,1231.6,1232.3,1231.6,1232,5588,1229.9,1230.9,1229.4,1229.8,6474,1248.9,1223.7,1248.9,1223.7
2025-09-23,1231.5,1233.4,1228.2,1231.3,16702,1192.1,1192.1,1191.6,1191.7,4728,1190.7,1190.7,1189.1,1190.6,5354,1234.4,1188.4,1234.4,1188.4
2025-09-24,1198.9,1199,1191.3,1191.3,8819,1185.8,1186.4,1185.2,1185.2,15303,1183,1186,1183,1185,4084,1204.0,1177.8,1204.0,1177.8
2025-09-25,1186,1190,1186,1187,2290,1190.8,1191.9,1190.8,1191.6,5791,1183.4,1183.8,1180.7,1180.9,13880,1197.5,1174.1,1197.5,1174.1
2025-09-26,1184,1188.8,1183.8,1184,3566,1161.7,1162.1,1161.7,1162.1,3822,1161.5,1161.8,1161,1161.3,4743,1188.8,1159.7,1188.8,1159.6
2025-09-29,1158.1,1164.9,1158.1,1158.1,16350,1171.8,1172.7,1171,1171,18012,1171,1174.4,1170,1173,20866,1189.0,1152.0,1189.0,1152.0
2025-09-30,1177.6,1179.5,1174.3,1178,1758,1166.4,1167.1,1166.3,1166.6,12382,1168.1,1170,1167.6,1168,12186,1184.6,1162.3,1184.6,1162.3
2025-10-01,1169,1170.8,1166.3,1166.3,8420,1149,1149,1148.6,1148.7,5674,1148.2,1148.5,1147.9,1148.2,5380,1170.8,1144.4,1170.8,1144.4
2025-10-03,1148.6,1148.6,1136.9,1140.1,8903,1149.1,1149.1,1149,1149,4214,1150.8,1151.9,1148.7,1149,8450,1151.5,1135.0,1151.9,1135.0
2025-10-06,1149,1149.9,1143.6,1143.6,2517,1148,1148,1147.4,1147.7,4470,1149.9,1149.9,1148,1149.1,12381,1150.0,1135.5,1150.0,1135.5
2025-10-07,1147.6,1150,1145.8,1148,3598,1152.2,1152.5,1151.9,1151.9,15047,1151,1151.2,1149.7,1150.3,9677,1161.1,1139.6,1161.1,1139.6
2025-10-08,1140,1144,1132.1,1132.1,86682,1131.4,1131.4,1131.1,1131.1,7802,1127.9,1129.5,1127.9,1129.5,7132,1146.9,1120.0,1146.9,1120.0
2025-10-09,1130,1131.2,1127.8,1129.2,7879,1128.8,1129.1,1128.3,1128.6,22327,1128.5,1130,1128.3,1129.3,26929,1138.0,1124.2,1138.0,1124.2
2025-10-10,1130,1130,1122,1127.8,18120,1129.8,1130.1,1129.8,1130,18502,1129.9,1130,1129.5,1129.9,5467,1131.7,1121.2,1131.7,1121.2
2025-10-13,1129,1131.9,1127.1,1127.1,7303,1111,1111.1,1110.6,1110.8,6216,1110.1,1112,1110.1,1111.1,6733,1134.4,1106.0,1134.4,1106.0
2025-10-14,1114.6,1116.1,1106.4,1106.4,13637,1100.9,1100.9,1099.9,1100,7445,1099.8,1100.1,1098.8,1100,7972,1116.1,1097.3,1116.1,1097.3
2025-10-15,1106,1106,1100.7,1104,8885,1111.1,1111.2,1110.9,1110.9,5396,1111.3,1111.8,1110.3,1110.3,3454,1118.0,1100.7,1118.0,1100.7
2025-10-16,1112,1112,1104,1105,7264,1120.7,1121.5,1120.1,1121.4,9570,1120.9,1121.3,1119.5,1119.5,4289,1123.0,1103.7,1123.0,1103.7
2025-10-17,1123.7,1124.5,1120.8,1122.1,16468,1131.1,1131.4,1131.1,1131.4,2255,1133.2,1133.2,1131.5,1133.1,3401,1146.5,1120.7,1146.5,1120.7
2025-10-20,1136.5,1143.3,1136.5,1140.2,7720,1136,1136.6,1136,1136.5,17027,1136.1,1136.2,1133.8,1134.9,8925,1143.3,1126.2,1143.3,1126.2
2025-10-21,1142.1,1146.4,1140.5,1140.5,8016,1130.4,1131.9,1129,1129,524,1130.4,1131.9,1129,1129,524,1146.4,1127.0,1146.4,1127.0
2025-10-23,1134.8,1138.8,1134.8,1136.5,23121,1130,1130.2,1130,1130.1,11645,1139,1139,1135.5,1136.3,54168,1140.0,1120.2,1140.0,1120.2
2025-10-24,1132.1,1134,1123.2,1124,8639,1129.6,1129.7,1129.3,1129.4,11022,1131.9,1141.4,1130.3,1132.6,38459,1134.0,1114.1,1141.4,1114.1
2025-10-27,1130.4,1134.5,1126.6,1127.8,4078,1123.9,1124,1123.3,1123.8,8552,1125,1125.1,1124.4,1124.4,9238,1135.0,1122.0,1135.0,1122.0
2025-10-28,1129,1129,1120.4,1121.5,9857,1115.7,1115.8,1115.4,1115.5,7405,1115.5,1115.7,1115,1115.3,5111,1129.0,1110.7,1129.0,1110.7
2025-10-29,1120,1120,1115.5,1116.5,6095,1106.7,1106.7,1106.3,1106.7,3186,1107,1107,1106.5,1107,5051,1123.6,1105.0,1123.6,1105.0
2025-10-30,1109,1109.1,1102.5,1105,9828,1113.2,1113.3,1112.9,1113,5790,1114.4,1114.9,1113.5,1113.5,4082,1118.6,1098.4,1118.6,1098.4
2025-10-31,1117.9,1118.7,1108.4,1108.5,17758,1118.4,1118.7,1118,1118.5,13060,1117.6,1119,1116.9,1119,8058,1124.6,1108.4,1124.6,1108.4
2025-11-03,1148,1184.8,1141.3,1177.3,332426,1178.6,1179.4,1178.6,1178.8,15039,1178,1178.4,1177.6,1178,7027,1184.8,1141.3,1184.8,1141.3
2025-11-04,1178.6,1179.4,1173.3,1174.7,12528,1161.2,1161.3,1160.7,1160.7,13163,1162.5,1163,1157.5,1162.5,19315,1179.4,1150.3,1179.4,1150.3
2025-11-06,1164.9,1164.9,1158.4,1160.2,17802,1145.2,1145.2,1145,1145,9254,1147.8,1148,1145,1145,23709,1164.9,1134.3,1164.9,1134.3
2025-11-07,1135.6,1139.4,1134.8,1134.8,2950,1120.3,1120.3,1120.2,1120.3,2373,1123.9,1125.4,1123.5,1123.5,10032,1139.4,1118.3,1139.4,1118.3
2025-11-10,1120.2,1123.1,1118,1119.7,11472,1126.8,1126.8,1125.6,1125.6,11121,1126.5,1126.6,1126,1126.5,4027,1139.5,1113.4,1139.5,1113.4
2025-11-11,1130.9,1130.9,1122.9,1123.1,3029,1137.8,1137.8,1136.5,1136.7,5941,1141.2,1142.7,1140.7,1142.7,4671,1140.8,1122.0,1142.7,1122.0
2025-11-12,1144,1144.4,1137.7,1140.3,13090,1136.1,1136.1,1135.1,1135.1,16656,1136,1136.6,1136,1136.6,4638,1144.4,1126.4,1144.4,1126.4
2025-11-13,1135,1138.9,1132.1,1132.6,4774,1133.2,1135,1133,1135,4686,1135.6,1136.4,1135,1135,17759,1142.4,1127.0,1142.4,1127.0
2025-11-14,1133,1133,1129,1130.2,1369,1147.1,1147.1,1146.2,1146.2,9138,1150,1150.4,1148.4,1148.4,3565,1150.0,1127.7,1151.9,1127.7
2025-11-17,1149,1156.1,1148.8,1154.9,7295,1153.1,1153.1,1152.4,1152.6,2909,1147.9,1148,1147.5,1147.5,7756,1162.4,1147.0,1162.4,1146.9
2025-11-18,1151.7,1154,1149.4,1150.2,15161,1141.5,1142.2,1141.4,1141.5,1992,1142.8,1142.8,1142.6,1142.8,6408,1154.0,1135.1,1154.0,1135.1
2025-11-19,1139.9,1139.9,1135.2,1136,8553,1139.1,1139.2,1138.8,1138.9,5339,1139.9,1140,1138.5,1140,3268,1149.0,1132.6,1149.0,1132.6
2025-11-20,1141.3,1142,1137.7,1139.6,2927,1128.1,1128.1,1127.7,1127.7,2163,1129,1129.9,1128.7,1129.5,3059,1142.0,1125.7,1142.0,1125.7
2025-11-21,1120,1126.8,1120,1120.1,20077,1126.8,1127,1126.5,1126.5,7033,1123.9,1124,1123.5,1123.5,9991,1129.9,1114.0,1129.9,1114.0
2025-11-24,1130,1130,1121,1122.2,4903,1110.4,1110.5,1110.2,1110.3,11520,1110.5,1111.2,1110.3,1110.6,15549,1134.8,1110.2,1134.8,1109.2
2025-11-25,1111.4,1111.8,1109.1,1111.2,8840,1144.1,1144.8,1144,1144.3,4870,1145,1145.2,1143.7,1144.7,7950,1149.0,1107.3,1149.0,1107.3
2025-11-26,1147,1163.7,1147,1161.1,27195,1153.2,1153.4,1152.9,1153,4997,1155.8,1155.8,1155,1155,5277,1167.5,1142.1,1167.5,1142.1
2025-11-27,1149,1160.9,1149,1150.5,32587,1144.4,1145,1144.2,1144.5,4143,1146,1147.8,1145.9,1147.1,13075,1166.9,1139.1,1166.9,1139.1
2025-11-28,1144.6,1146.1,1141.1,1141.5,6083,1146.8,1146.8,1146.6,1146.6,4938,1145.1,1145.3,1145,1145,15101,1158.0,1140.6,1158.0,1140.6
2025-12-01,1145,1145.9,1135.6,1135.8,10135,1130.5,1130.5,1130,1130,2282,1128.4,1128.8,1128.3,1128.3,1384,1145.9,1122.7,1145.9,1122.7
2025-12-02,1134.9,1134.9,1123.9,1125.3,10580,1132.2,1132.2,1132,1132.1,1819,1132,1133.2,1131.4,1131.4,4763,1140.7,1123.7,1140.7,1123.7
2025-12-03,1139,1139,1131.6,1132.9,2908,1122.1,1122.2,1122,1122.1,9429,1118.8,1119,1117.6,1117.9,8346,1139.0,1118.5,1139.0,1117.6
2025-12-04,1120.6,1122.2,1119.6,1121,4022,1131.7,1131.8,1131.4,1131.6,1464,1132.4,1132.8,1132.1,1132.1,2592,1138.5,1115.5,1138.5,1115.5
2025-12-05,1132,1132,1127.9,1130,204,1138.3,1138.4,1137.6,1137.9,3460,1137.9,1137.9,1137.4,1137.6,2579,1138.4,1122.3,1139.1,1122.3
2025-12-08,1136,1136.8,1132.1,1135.1,4739,1120.2,1120.3,1119.8,1120,3358,1122.5,1122.8,1121.9,1122.3,5285,1140.1,1108.4,1140.1,1108.4
2025-12-09,1116,1122.6,1116,1120.7,2787,1128.6,1128.6,1128.5,1128.6,2539,1129.2,1130,1128.4,1128.9,8940,1134.8,1109.2,1134.8,1109.2
2025-12-10,1128,1130.4,1126.4,1130.4,1054,1130,1130.1,1128.8,1128.8,5213,1129.8,1130.2,1129.4,1130.2,4693,1138.3,1126.4,1138.3,1126.4
2025-12-11,1130.6,1136.4,1129.5,1129.7,2252,1146,1146.2,1145.4,1145.4,2902,1152.9,1153.5,1151.5,1151.8,6620,1149.1,1127.0,1154.0,1127.0
2025-12-12,1155.1,1157.8,1148.3,1148.3,10882,1154.5,1154.5,1154.3,1154.3,5587,1151.9,1152.6,1151.1,1152.6,3194,1157.8,1138.9,1157.8,1138.9
2025-12-15,1153,1153,1144.1,1148,2355,1165.7,1166.4,1165,1165,11400,1167.1,1169.3,1167,1167.9,17615,1166.4,1144.1,1169.3,1144.1
2025-12-16,1166.2,1168.8,1163.9,1167,15348,1182.9,1183,1181.3,1181.3,14087,1178,1179.1,1176,1176,13229,1198.5,1163.9,1198.5,1163.9
2025-12-17,1180,1185,1178.6,1185,9432,1178.9,1178.9,1178.4,1178.7,4679,1178,1178.9,1177.2,1177.2,5279,1187.5,1171.8,1187.5,1171.8
2025-12-18,1188.3,1188.3,1177,1178.3,11089,1187.5,1187.5,1187,1187.3,1964,1187,1187.1,1185.3,1186.9,16617,1190.6,1169.3,1190.6,1169.3
2025-12-19,1186.8,1195,1180.7,1183.8,2610,1185.8,1188.3,1185.5,1187.3,23028,1186.2,1186.8,1185.1,1186.8,12094,1195.0,1174.1,1195.0,1174.1
2025-12-22,1188.8,1189.6,1186.2,1187.4,3931,1184.8,1185.1,1184.8,1185.1,1838,1185,1185.1,1183.6,1184.9,4769,1196.0,1183.6,1196.0,1183.6
2025-12-23,1186,1187.1,1182.1,1187.1,4858,1196.9,1197.5,1196.7,1197.5,4658,1196.7,1197.8,1196.5,1196.8,4067,1206.2,1182.1,1206.2,1182.1
2025-12-24,1196.5,1198.7,1193.1,1193.8,4366,1192,1192.1,1191,1192.1,17384,1192,1192.4,1192,1192.1,923,1202.9,1188.0,1202.9,1188.0
2025-12-26,1191.8,1191.9,1189.5,1189.5,534,1204.7,1205,1204.2,1204.5,2297,1203.9,1205.2,1203.6,1203.6,2217,1210.0,1189.5,1210.0,1189.5
2025-12-29,1210.2,1212,1202.7,1202.7,10172,1206.4,1206.4,1205.9,1206.4,2410,1206.3,1206.9,1205,1205,1874,1212.0,1195.6,1212.0,1195.6
2025-12-30,1206.3,1206.3,1200.3,1202.8,974,1211.3,1211.5,1211.2,1211.5,3016,1212.4,1212.4,1210.1,1211.2,5534,1218.7,1199.0,1218.7,1199.0
2025-12-31,1216,1216,1208.4,1208.4,907,1221.6,1221.7,1220.9,1220.9,4956,1221.6,1224.5,1220.3,1224.1,9151,1234.6,1208.2,1234.6,1208.2
2026-01-01,1225,1226.5,1220.1,1220.5,1792,1242.5,1243.4,1241.7,1242.9,6782,1243.7,1244,1241.7,1243.6,2024,1245.8,1214.4,1245.8,1214.4
2026-01-02,1243.4,1243.4,1233.2,1234.8,4186,1234.2,1234.6,1233.9,1234.6,2348,1236,1236.9,1235.3,1236.4,3050,1243.4,1223.6,1243.4,1223.6
2026-01-05,1236,1238.3,1230.1,1231.3,2558,1244,1244,1243.6,1244,5532,1244,1244.2,1241.4,1243.7,4082,1247.1,1225.6,1247.1,1225.6
2026-01-06,1244,1244,1230,1235.4,5653,1254.8,1255.7,1254.3,1254.8,5674,1254.6,1254.6,1252.7,1254.5,4857,1255.7,1227.7,1255.7,1227.7
2026-01-07,1273.9,1273.9,1260.3,1262.2,94260,1248,1248,1247.1,1247.9,16773,1246.7,1247.8,1246,1247.7,12308,1273.9,1237.0,1273.9,1237.0
2026-01-08,1246.7,1248,1240.9,1245.2,8513,1241.5,1242.6,1241.4,1242.4,4198,1237.1,1239.4,1237.1,1237.5,4263,1249.7,1230.6,1249.7,1230.6
2026-01-09,1236.4,1242.2,1236.4,1240.7,11516,1228.6,1228.8,1228.4,1228.5,2785,1230,1230,1229.9,1229.9,10432,1246.5,1221.5,1246.5,1221.5
2026-01-12,1227,1229.8,1223.4,1229.7,3937,1236,1236.3,1235.1,1236,12042,1234.8,1235,1234.2,1235,21838,1251.5,1223.2,1251.5,1223.2
2026-01-13,1237.9,1242.6,1236.2,1242.6,1636,1238.7,1238.7,1237.9,1238.3,4270,1239.4,1239.4,1239,1239.2,5475,1244.8,1229.3,1244.8,1229.3
2026-01-14,1229,1236.4,1225.5,1225.5,11351,1226.3,1226.4,1226.2,1226.4,4351,1225.1,1225.2,1225,1225.2,4093,1239.0,1222.6,1239.0,1222.6
2026-01-16,1235,1235,1228.1,1233.3,22543,1237.4,1237.5,1236.7,1237.1,5627,1237.1,1237.1,1235.8,1236.9,5156,1253.3,1228.1,1253.3,1228.1
2026-01-19,1237.2,1242.9,1237.2,1239,1947,1230.4,1230.6,1229.9,1230.4,3023,1231,1231.2,1229.5,1231.2,4654,1247.4,1227.6,1247.4,1227.6
2026-01-20,1246.3,1264.4,1246,1249.3,56199,1233.9,1233.9,1232.5,1233.4,6744,1231.1,1232,1229.7,1230.9,13757,1264.4,1232.5,1264.4,1228.8
2026-01-21,1235,1237.2,1232,1232,10671,1222.4,1223.2,1222.4,1223.1,2153,1221.8,1222.6,1221.6,1221.6,3533,1247.0,1213.9,1247.0,1213.9
2026-01-22,1230.1,1231,1222.7,1224,9004,1245.6,1245.6,1245,1245.1,2565,1248.3,1249,1247.4,1249,7309,1247.4,1222.1,1249.2,1222.1
2026-01-23,1253.5,1256.4,1243.6,1247,5201,1237.6,1238.5,1236.7,1238.5,8453,1240.8,1244,1240.5,1243.5,3938,1256.4,1235.6,1256.4,1235.6
2026-01-27,1229.1,1229.1,1117.1,1135.6,181238,1175,1175.6,1174.1,1175,21145,1175,1175.9,1175,1175,3577,1229.1,1117.1,1229.1,1117.1
2026-01-28,1174,1175.4,1165.7,1165.7,15990,1172.7,1172.8,1172.6,1172.7,5993,1172.8,1174.6,1172.8,1173.3,3444,1175.4,1146.5,1175.6,1146.5
2026-01-29,1174,1174,1166,1170.4,9618,1155.8,1156.4,1155.2,1155.5,24269,1154.8,1156,1154.4,1156,6663,1174.0,1142.4,1174.0,1142.4
2026-01-30,1155.3,1155.3,1146.5,1151.4,5889,1154.5,1154.8,1154.2,1154.7,18319,1153.6,1155.7,1153,1155.6,28354,1170.0,1146.5,1170.0,1146.5
2026-02-01,1159.7,1164.1,1155,1155.1,5606,1159,1159.5,1159,1159.1,284,1153.5,1154.1,1152,1154,3672,1173.5,1142.7,1173.5,1142.7
2026-02-02,1155,1159.7,1145.6,1147.6,5990,1172.7,1173.3,1172.3,1172.8,8170,1171.4,1172.2,1171.1,1172.2,10696,1173.3,1132.2,1173.3,1132.2
2026-02-03,1183.7,1187.1,1182.1,1182.1,11396,1143.7,1144.4,1143.3,1144.4,10021,1145.6,1145.8,1144.5,1144.7,9328,1187.1,1142.4,1187.1,1142.4
2026-02-04,1147,1150,1140.6,1141.2,9443,1157.2,1157.7,1156.6,1157.3,8026,1157.6,1157.9,1156.5,1156.5,5369,1157.7,1140.5,1158.0,1140.5
2026-02-05,1155,1170.1,1155,1168.6,16983,1170.1,1170.3,1170,1170,6234,1170.1,1171.2,1170,1170.3,4761,1173.9,1155.0,1173.9,1155.0
2026-02-06,1173,1173,1165.3,1171.6,8003,1181.8,1182.5,1181.1,1182.1,4624,1182.1,1182.1,1180.4,1180.4,11524,1184.2,1156.0,1184.2,1156.0
2026-02-09,1182.6,1182.6,1170,1175.5,7000,1198.5,1198.6,1198,1198.1,52889,1194.6,1195.5,1194.3,1195.5,3839,1200.2,1169.6,1200.2,1169.6
2026-02-10,1201,1201,1189.6,1189.6,7549,1206,1206.5,1204.9,1205.9,10529,1205.1,1205.1,1204.1,1204.1,2705,1209.2,1183.0,1209.2,1183.0
2026-02-11,1206.6,1210.9,1199.7,1203.3,7741,1207.6,1207.6,1207.4,1207.5,1753,1204,1204.3,1202.5,1203.1,4242,1214.3,1197.3,1214.3,1197.3
2026-02-12,1208.6,1208.6,1199.5,1200.6,5324,1204.4,1205,1204.1,1205,2136,1199.6,1203,1199.5,1199.5,6679,1210.6,1192.3,1210.6,1192.3
2026-02-13,1196,1200.2,1192.3,1196.5,3313,1195.7,1195.9,1194.8,1195.5,7097,1193.3,1193.3,1192,1192.5,3590,1202.2,1191.0,1202.2,1191.0
2026-02-16,1175,1185.9,1171.8,1185.9,14068,1204.7,1204.7,1203.6,1204.1,5089,1205.7,1206.8,1204.8,1206.4,7467,1220.0,1171.8,1220.0,1171.8
2026-02-17,1203.8,1209.8,1202.9,1202.9,5017,1213.1,1213.1,1212.6,1212.9,2299,1215,1215.1,1214.5,1215.1,3399,1218.4,1202.0,1218.4,1202.0
2026-02-18,1218.1,1219.4,1211.4,1211.8,9337,1217.3,1217.3,1216.4,1216.4,4850,1216.5,1216.7,1216.5,1216.5,2438,1219.5,1200.1,1219.5,1200.1
2026-02-19,1220,1220,1198.9,1214.3,8506,1186.6,1186.6,1185.2,1185.3,1765,1186.1,1186.9,1185.1,1186.9,2278,1220.0,1185.2,1220.0,1184.0
2026-02-20,1188.5,1191,1184,1191,6832,1207.1,1207.1,1207.1,1207.1,2723,1202.5,1206.4,1202.5,1205.6,5741,1210.0,1184.0,1210.0,1184.0
2026-02-23,1206,1211.6,1206,1209.4,1016,1222.1,1222.4,1221.2,1222.1,1843,1221,1221.1,1220.3,1221.1,3918,1227.5,1202.1,1227.5,1202.1
2026-02-24,1226.8,1226.8,1222.9,1223.8,3322,1234.8,1235.7,1234.8,1235.2,6897,1235.3,1235.3,1234.8,1235.3,5312,1237.9,1214.3,1237.9,1214.3
2026-02-25,1236.1,1240,1232.1,1238.5,13315,1237.5,1237.5,1237,1237.2,7104,1238.4,1239.4,1237,1237,7978,1240.2,1229.1,1240.2,1229.1
2026-02-26,1240.3,1240.3,1231.3,1235.6,3707,1239.3,1239.4,1238.5,1238.5,2718,1239.3,1240,1238.1,1240,3239,1240.3,1227.6,1240.4,1227.6
2026-02-27,1238.9,1238.9,1231.1,1231.1,3414,1218,1218.1,1217.1,1217.1,18781,1217.9,1218.4,1216.7,1217.3,9801,1238.9,1213.2,1238.9,1213.2
2026-03-02,1190,1203.3,1180.2,1195.5,4356,1178,1178.1,1177.1,1177.2,5755,1175.2,1178,1175.1,1176.8,4369,1203.6,1161.7,1203.6,1161.7
2026-03-04,1152.9,1152.9,1141.5,1148,47576,1139.4,1140.7,1138.4,1140.7,15033,1134.7,1138.9,1133.3,1137.9,49395,1152.9,1122.7,1152.9,1122.7
2026-03-05,1139.8,1145,1135,1140.9,8759,1130.5,1130.9,1129.1,1130.1,19662,1132,1132.4,1131.4,1132,6588,1145.0,1120.1,1145.0,1120.1
2026-03-06,1132.4,1132.5,1126.1,1129.6,7437,1116.1,1116.6,1115.9,1116.6,2777,1117,1118.5,1116.8,1117.7,8216,1132.5,1114.0,1132.5,1114.0
2026-03-09,1100,1100,1083.1,1087.6,35936,1080,1082.6,1079.6,1082.6,10464,1085,1085.6,1085,1085.5,3959,1100.0,1068.3,1100.0,1068.3
2026-03-10,1111.6,1113.3,1092.6,1112,32183,1113,1113.1,1112,1112.9,7557,1111.4,1112.5,1110.9,1111.7,13877,1123.4,1092.6,1123.4,1092.6
2026-03-11,1124.4,1124.4,1085,1113.2,4939,1088.5,1088.9,1087.8,1088.7,1175,1085.8,1087.8,1085.8,1087,3375,1124.4,1085.0,1124.4,1085.0
2026-03-12,1096.2,1096.2,1075.8,1075.8,11072,1049.9,1050.7,1049,1050.1,19862,1048.3,1048.9,1047.7,1048.8,8685,1096.2,1045.8,1096.2,1045.8
2026-03-13,1039.4,1048.9,1036.6,1041.1,16257,1027.6,1028.5,1027.5,1028.5,8878,1027.2,1027.8,1026,1026.8,10678,1055.9,1025.5,1055.9,1025.5
2026-03-16,1027.3,1030.8,1022.8,1026.1,23353,1039.9,1040,1039.6,1040,18986,1037.9,1040,1037.4,1039.3,41559,1047.2,1019.5,1047.2,1019.5
2026-03-17,1049,1049,1035.1,1035.8,5848,1042.9,1043.4,1041.5,1041.5,12955,1041.8,1042.9,1041.3,1042.9,7718,1049.0,1029.4,1049.0,1029.4
2026-03-18,1042,1043.5,1038.1,1040,8007,1054.5,1054.9,1053.9,1054.3,5978,1053.1,1054.5,1051.6,1052.7,4940,1061.8,1037.4,1061.8,1037.4
2026-03-19,1030,1040,1030,1033.6,10014,1021.8,1023.4,1021.8,1022,40133,1023.3,1025.5,1022.3,1025.4,5143,1040.0,1020.8,1040.0,1019.5
2026-03-20,1029.1,1035.3,1029.1,1033.5,11462,1017.8,1017.8,1017.6,1017.7,7452,1017.2,1018.4,1017,1018.4,10866,1036.5,1012.9,1036.5,1012.9
2026-03-23,1010,1012,1002.8,1002.8,15869,1005.5,1005.6,1004.8,1004.8,13965,1002.1,1002.4,1000.1,1000.8,12412,1012.0,988.0,1012.0,988.0
2026-03-24,1016,1021.7,1011.6,1019.6,25854,1007,1008.3,1006.5,1006.6,10274,1006.1,1006.1,1004.2,1005.9,17403,1027.8,999.1,1027.8,999.1
2026-03-25,1017,1017.1,1006.5,1016.1,37864,1041,1041,1040,1040.1,4951,1037.2,1040,1037.2,1040,33062,1049.0,1006.5,1049.0,1006.5
2026-03-27,1035,1036,1024.5,1024.5,13819,1009,1009.4,1008.4,1008.6,37931,1009.1,1011.2,1009.1,1011.2,14768,1036.0,1006.0,1036.0,1006.0
2026-03-30,990,1004,990,992.9,25733,983.8,984.8,983.4,984.7,40791,984.6,988.2,984.4,984.4,22688,1005.1,981.3,1005.1,981.3
2026-04-01,1010,1010,1000.05,1002.3,32683,996.55,996.65,995.85,996.6,7356,998,999,997.15,998.75,9208,1010.0,989.25,1010.0,989.25
2026-04-02,992,992,977.6,978.35,7173,996.05,996.5,995.95,996.25,9786,993.7,993.7,991.35,991.35,35657,998.9,967.05,998.9,967.05
2026-04-06,999,1000.15,993.05,995,12629,1002.8,1002.8,1001.1,1001.95,28374,1004.2,1004.2,1001.8,1003.15,2886,1009.45,989.15,1009.45,989.15
2026-04-07,1007,1016.4,1002.4,1009,366137,1026.55,1027.95,1025.05,1027.45,25818,1028.55,1028.8,1027.25,1027.35,17364,1044.6,1002.4,1044.6,1002.4
2026-04-08,1065.6,1074.15,1065.6,1073.25,88443,1077.05,1077.05,1076.4,1077,9243,1074.2,1074.95,1073.45,1073.55,14402,1093.8,1065.6,1093.8,1065.6
2026-04-09,1063.4,1069.8,1058.65,1058.9,7055,1062.6,1063.2,1062,1063.15,8075,1058.5,1059.35,1057.4,1058.8,19779,1079.9,1058.65,1079.9,1057.4
2026-04-10,1051.3,1061.95,1051.3,1057,14843,1078.15,1078.45,1077.8,1078,4531,1077.9,1078.1,1077.45,1077.75,2890,1082.15,1051.3,1082.15,1051.3
2026-04-13,1051,1059.9,1045.25,1045.25,25897,1059.75,1059.75,1059.2,1059.2,3737,1057.7,1059,1055.95,1055.95,3708,1073.0,1039.5,1073.0,1039.5
2026-04-15,1069.95,1088.95,1069.95,1088,26723,1084.05,1084.4,1083.75,1083.75,8555,1084,1085.8,1083.95,1084.1,4993,1093.55,1069.95,1093.55,1069.95
2026-04-16,1090,1090,1081.8,1082.85,9971,1081.3,1081.7,1080.95,1081.6,6133,1082.9,1082.9,1080.95,1081.5,8421,1092.25,1074.65,1092.25,1074.65
2026-04-17,1080,1080,1071.7,1071.7,7622,1109.65,1109.65,1109.3,1109.4,3764,1110.1,1110.1,1109.5,1109.8,6045,1114.7,1069.25,1114.7,1069.25
2026-04-20,1115,1116.5,1109.4,1115.7,28835,1104.75,1104.75,1104,1104.15,4386,1104.1,1105.05,1104.1,1104.75,11444,1120.0,1100.15,1120.0,1100.15
2026-04-21,1112.95,1112.95,1104,1104.6,9011,1130,1130.2,1128.9,1128.9,13316,1126.65,1127.45,1125.75,1126.45,13356,1130.8,1101.05,1130.8,1101.05
2026-04-22,1119.6,1130,1116.9,1129.9,9651,1142.05,1142.05,1139.25,1139.25,7973,1134.9,1135,1133.8,1135,8713,1147.8,1116.9,1147.8,1116.9
2026-04-23,1139,1139.55,1126.3,1130.75,15480,1141.05,1141.05,1139.4,1140.1,6722,1141.4,1141.85,1140.9,1140.95,5433,1145.75,1120.3,1145.75,1120.3
2026-04-24,1143.2,1148,1131.05,1137.95,13475,1091.45,1091.55,1090.1,1090.6,7818,1091.8,1091.8,1090.2,1090.85,6249,1148.0,1083.95,1148.0,1083.95
2026-04-27,1100,1104.55,1093.8,1099.2,12667,1090.8,1090.8,1089.9,1090.6,3556,1086.3,1088.25,1085.75,1088.25,3095,1104.55,1088.9,1104.55,1083.95
2026-04-28,1088.2,1089.25,1087.05,1089.15,1215,1093.4,1093.6,1092.15,1093.55,2145,1092.7,1096.75,1092.7,1096.75,9566,1105.2,1081.5,1105.2,1081.5
2026-04-29,1104.55,1104.55,1097.45,1098.95,2910,1089.2,1089.2,1088.45,1089,2764,1091.55,1091.65,1091.15,1091.3,7560,1107.8,1084.0,1107.8,1084.0
2026-04-30,1085.1,1089.9,1076.75,1082,11858,1066.05,1066.55,1066,1066.5,13677,1065.25,1068.1,1065.25,1067.25,12504,1089.9,1043.05,1089.9,1043.05
2026-05-04,1070.2,1077.5,1070.2,1074.3,14549,1071.4,1071.7,1071.1,1071.5,3838,1074.2,1074.2,1070.8,1070.8,7370,1090.2,1068.2,1090.2,1068.2
2026-05-05,1073,1074,1065.4,1071.7,10976,1104,1104.1,1101.3,1102.9,17354,1102.7,1103.8,1100.3,1101,15789,1106.6,1065.4,1110.2,1065.4
2026-05-06,1122,1122,1112.8,1117.3,26642,1095,1095.5,1094,1094.1,9584,1093.8,1094,1093.4,1093.6,16425,1122.0,1083.5,1122.0,1083.5
2026-05-07,1064.7,1064.7,1041,1053.9,175112,1037.4,1037.4,1037,1037.2,30794,1036.4,1037,1036.2,1036.2,26236,1064.7,1034.0,1064.7,1034.0
2026-05-08,1038.1,1039.9,1033.2,1034.2,63344,1041.7,1041.8,1041,1041.3,5338,1040.5,1040.8,1040.3,1040.3,9558,1049.8,1026.9,1049.8,1026.9
2026-05-11,1042.5,1045,1028.4,1033.7,38633,1009.1,1009.7,1008.2,1008.2,11177,1009.1,1009.6,1008.8,1008.9,5055,1045.0,1006.9,1045.0,1006.9
2026-05-12,1011.1,1020.1,1011.1,1018.2,16709,1028,1028.1,1026.9,1026.9,22699,1033.9,1033.9,1030.6,1030.6,13439,1045.9,1005.3,1045.9,1005.3
2026-05-13,1033,1036.8,1028.1,1033,18383,1029.8,1029.8,1028.7,1028.7,19651,1029.1,1029.1,1027.4,1027.4,6751,1043.8,1014.9,1043.8,1014.9
2026-05-14,1038,1038,1028.7,1032.6,15199,1032.9,1032.9,1032,1032.1,56767,1035.4,1035.5,1035,1035,17328,1038.0,1015.7,1038.0,1015.7
2026-05-15,1033.3,1033.9,1027.9,1032.5,8185,1039.3,1039.3,1038.2,1038.2,10263,1038,1038.7,1037,1038.2,14810,1046.9,1027.9,1046.9,1027.9
2026-05-18,1035.5,1035.5,1021.5,1021.9,15738,1013.2,1015.6,1013.2,1015.6,13242,1017.2,1018.5,1016.4,1018.5,22802,1035.5,1001.5,1035.5,1001.5
2026-05-19,1025,1036.2,1025,1028.3,42276,1022.3,1022.3,1021.4,1021.7,9251,1022.4,1022.4,1022.3,1022.4,7616,1036.2,1020.5,1036.2,1019.2
2026-05-20,1016.6,1019.5,1011.4,1012.6,5320,1025.1,1025.1,1025,1025.1,13885,1022.7,1023.6,1022.4,1023.6,7427,1025.2,1006.0,1025.2,1006.0
2026-05-21,1029,1032.7,1021.3,1026.9,12630,1018.1,1018.4,1017.9,1018.2,8279,1019.6,1020.2,1019.1,1019.1,12342,1032.7,1012.1,1032.7,1012.1
2026-05-22,1023.8,1023.8,1018.1,1018.5,10083,1027.8,1028.9,1027.8,1028.6,11368,1026.8,1026.8,1024.7,1026.1,14383,1030.0,1006.0,1030.0,1006.0
2026-05-25,1040.9,1042,1023.8,1033.2,66425,1021.7,1022.2,1021.2,1021.5,8647,1022.7,1024,1021.6,1024,19647,1042.8,1012.3,1042.8,1012.3
2026-05-26,1018,1023.1,1018,1021.2,6783,1032.4,1032.5,1031.8,1031.8,1437,1033.2,1033.5,1032.5,1032.7,10426,1034.0,1016.1,1034.0,1016.1
2026-05-27,1027,1030.8,1027,1029.8,2905,1043.8,1044,1043.8,1044,2964,1048,1048.7,1048,1048.7,7690,1045.0,1023.5,1048.7,1023.5
2026-05-29,1044.9,1053.6,1044.9,1053.5,10878,1030.1,1030.1,1029.7,1030,35709,1030.4,1031.4,1029.7,1030,102430,1053.6,1024.1,1053.6,1024.1
2026-06-01,1036.3,1036.3,1020,1020,9957,1009.9,1009.9,1009.1,1009.1,9205,1008.2,1008.7,1007.6,1007.6,9806,1036.3,1007.8,1036.3,1006.3
2026-06-02,998.5,1004.7,998.5,1001.2,12645,998.7,999.7,998.7,999.2,10300,997.6,998.4,997,998.1,21500,1004.7,975.9,1004.7,975.9
2026-06-03,999.2,1003.8,991.3,991.4,3964,985.5,985.8,985.4,985.7,4933,988.2,989,987.4,987.5,15495,1003.8,975.4,1003.8,975.4
2026-06-04,980.5,985.6,980.5,984.5,9298,994.8,995.5,994.5,995.2,8294,993.1,994.6,993,994.5,7631,1002.7,980.5,1002.7,980.5
2026-06-05,1002.5,1002.5,992.2,992.8,2530,999.5,999.6,998.9,999.4,2536,998.2,999.2,997.4,999.2,8520,1002.5,985.5,1002.5,985.5
2026-06-08,986.1,989.9,982.2,982.2,2977,998.8,999,998,998.7,59642,992.9,993.4,992.8,993,6273,1001.4,980.8,1001.4,980.8
2026-06-09,998.2,1000.3,997,997,3584,1013.6,1013.6,1012.2,1012.2,6311,1011.6,1012.3,1011,1012,7852,1016.3,995.6,1016.3,995.6
2026-06-10,1018,1018,1010.1,1012.8,5460,1025.4,1025.7,1025.1,1025.1,5299,1029.2,1029.2,1026.5,1028,22236,1039.5,1010.1,1039.5,1010.1
2026-06-11,1028,1028,1016.1,1017,5695,1009.8,1010.2,1009.7,1009.8,4983,1009.9,1009.9,1008.9,1008.9,1374,1028.0,1005.8,1028.0,1005.8
2026-06-12,1020,1027,1019.9,1023.6,14408,1032,1032,1031.4,1031.4,3112,1036.8,1036.8,1035.2,1035.2,3931,1034.9,1013.0,1037.7,1013.0
2026-06-15,1043.3,1054.5,1043.3,1052,31341,1038.4,1038.4,1037.5,1038.2,6239,1035.2,1036.4,1030.8,1032.5,8154,1056.8,1035.1,1056.8,1030.8
2026-06-16,1038.6,1039.1,1031.9,1036.8,14244,1034.9,1034.9,1034.3,1034.4,162253,1036,1036.2,1034.6,1035,6111,1053.0,1023.7,1053.0,1023.7
2026-06-17,1040,1041.3,1035.9,1035.9,7044,1019,1019,1018.3,1018.9,5845,1020.9,1021.4,1020.1,1020.9,3753,1041.3,1015.1,1041.3,1015.1
2026-06-18,1020,1023.3,1020,1020.4,1810,1010.3,1010.5,1009.8,1010.3,7230,1008.2,1009.4,1008.2,1009.4,15202,1024.4,1005.0,1024.4,1005.0
2026-06-19,1009.6,1009.6,1005.5,1006.9,5540,1001.4,1002,1000.8,1001.5,27636,1002,1002.3,1000.9,1001.9,17531,1014.6,994.7,1014.6,994.7
2026-06-22,1001.8,1005.1,1001.8,1002.9,3245,1020.6,1020.6,1019.3,1019.9,10260,1019.9,1020.1,1019.2,1019.2,9924,1021.3,1001.8,1021.3,1001.8
2026-06-23,1019,1022.9,1017,1017.1,7801,1020.8,1021.8,1020.7,1021.8,2785,1020.7,1020.8,1020.1,1020.5,2414,1025.0,1010.4,1025.0,1010.4
2026-06-24,1024,1037,1020.5,1021.7,8426,1018.2,1019.4,1018.2,1019.4,4018,1020.5,1020.5,1019.6,1020.3,5291,1037.0,1016.9,1037.0,1016.9
2026-06-25,1021,1024.1,1020,1022.1,14469,1035.1,1035.1,1034.8,1035.1,6856,1033.3,1033.8,1033.2,1033.4,4346,1038.0,1020.0,1038.0,1020.0
2026-06-29,1039,1043.2,1034.6,1042.5,23687,1021.7,1021.7,1021.2,1021.5,9333,1021.6,1021.6,1020.6,1021.4,3360,1044.5,1020.5,1044.5,1017.0
2026-06-30,1022,1027.2,1021.9,1023.2,6384,1010.9,1013.2,1010.6,1013.2,36228,1010.3,1012.2,1010.2,1012.1,8143,1027.2,1006.5,1027.2,1006.5
2026-07-01,1017,1017.9,1014.7,1015.6,2153,1043.7,1044.4,1043.6,1044.4,4465,1042.7,1043.8,1042.2,1043,9063,1045.0,1013.9,1045.0,1013.9
2026-07-02,1050,1050,1043,1044.1,17637,1078.6,1078.6,1077,1077.4,5411,1073.7,1075.2,1073.4,1074.6,15981,1081.7,1043.0,1081.7,1043.0
2026-07-03,1079,1098.4,1079,1098.4,41623,1076,1076.4,1075.3,1075.8,1482,1077,1080,1077,1080,11958,1098.5,1071.1,1098.5,1071.1
2026-07-06,1095,1117.1,1087.6,1116.1,179690,1101.3,1102.6,1100.5,1102.6,11111,1099.5,1100,1099,1099.7,7168,1118.0,1081.9,1118.0,1081.9
2026-07-07,1100.6,1106,1099.6,1103.1,26797,1099.5,1099.8,1098.4,1098.5,9604,1096.1,1097,1095.5,1096.4,10387,1106.6,1087.4,1106.6,1087.4
2026-07-08,1090,1090,1075.9,1081.1,21711,1073.3,1075.4,1073.1,1075.4,7671,1073.3,1077.8,1071,1071.5,80783,1100.0,1066.6,1100.0,1066.6
2026-07-09,1070,1078.7,1066.8,1076.1,5933,1086.8,1087.1,1086.7,1087,2560,1088.4,1088.4,1086,1086.8,1223,1096.8,1066.8,1096.8,1066.8
2026-07-10,1090,1091.6,1087.9,1090.6,3501,1089.2,1089.2,1088.5,1088.6,1337,1087.7,1088.7,1087.2,1087.6,4229,1099.4,1084.3,1099.4,1084.3
2026-07-13,1076.8,1079.5,1072.9,1073.6,6161,1068.7,1068.7,1068.5,1068.6,1465,1069.9,1069.9,1068.2,1068.3,3843,1079.7,1067.2,1079.7,1067.2
2026-07-14,1047.6,1054,1040.5,1053.7,23476,1060.7,1061,1060.1,1060.6,5906,1060.8,1063.5,1060.1,1061,12984,1072.3,1040.5,1072.3,1040.5
2026-07-15,1061.6,1062.6,1059.1,1059.5,4435,1052.5,1052.5,1050.6,1051.3,5156,1051,1051,1050.2,1050.7,1370,1065.0,1050.3,1065.0,1050.1
2026-07-16,1058.9,1059,1051.9,1052.9,3885,1057.2,1058,1057.2,1057.9,5053,1057.4,1057.7,1057.4,1057.6,3133,1068.0,1051.9,1068.0,1051.9
2026-07-17,1057.7,1057.7,1051,1053,553,1071.4,1071.5,1071,1071.2,1722,1070.5,1070.5,1069.4,1069.6,1409,1075.3,1051.0,1075.3,1051.0
2026-07-20,1068.3,1069.5,1061.4,1062.6,9489,1065.1,1065.4,1065,1065.4,3010,1066.2,1067,1065.5,1066.2,3745,1069.5,1055.8,1069.5,1055.8
2026-07-21,1064.9,1069,1063.3,1068.4,2852,1053.1,1053.1,1052.9,1053,1577,1055.7,1056.3,1055.1,1055.3,3257,1069.0,1038.0,1069.0,1038.0
2026-07-22,1061.8,1061.8,1053.7,1059.7,10668,1069.2,1069.3,1068.8,1068.9,2759,1070.7,1071.8,1070,1071.4,5772,1070.3,1040.0,1071.8,1040.0
2026-07-23,1068.1,1073,1068.1,1070.3,7668,1057.9,1058.4,1057.1,1057.1,3660,1061.7,1061.7,1060.5,1061,6561,1082.7,1053.1,1082.7,1053.1
2026-07-24,1050.5,1051.3,1044.9,1047.5,18168,1058.6,1058.6,1058.3,1058.6,4001,1062.1,1062.3,1059.5,1060.5,1975,1066.2,1044.9,1066.2,1044.9
2026-07-27,1065,1066.8,1061.1,1065.4,7882,1074,1074,1073.8,1073.9,1612,1074,1075,1073.7,1074.4,11559,1074.4,1061.1,1075.0,1061.1
2026-07-28,1073.7,1078,1069,1078,7011,1068.1,1068.8,1068.1,1068.5,2636,1068.7,1068.9,1067.7,1068.8,4215,1091.1,1059.0,1091.1,1059.0
2026-07-29,1071.7,1072.4,1069,1072,862,1078,1078.1,1077.1,1077.2,4004,1076.3,1077.2,1075.6,1075.8,3795,1086.8,1069.0,1086.8,1069.0
2026-07-30,1077,1078.9,1070.2,1070.2,1052,1071.7,1072,1071.7,1072,1090,1071.9,1071.9,1070.8,1071.9,10493,1078.9,1065.8,1078.9,1065.8
2026-07-31,1071.2,1071.2,1065.5,1065.5,2641,1072.3,1072.9,1071.4,1071.4,6225,1069.5,1071.1,1068.8,1068.8,3983,1076.3,1054.7,1076.3,1054.7
2026-08-03,1072.1,1079.6,1072.1,1073.8,1346,1075.7,1075.7,1075.2,1075.7,197,1075.7,1075.7,1075.2,1075.7,197,1100.0,1071.1,1100.0,1071.1
2026-08-04,1080,1080,1066.2,1068,12801,1063.5,1063.5,1061,1061,3269,1063.5,1063.5,1061,1061,3269,1080.1,1057.6,1080.1,1057.6
2026-08-05,1070,1070,1060,1067.4,11791,1071.1,1072,1071.1,1071.9,2432,1071.1,1072,1071.1,1071.9,2432,1077.5,1060.0,1077.5,1060.0
2026-08-06,1075,1077.4,1072.3,1075.4,4354,1080.9,1081.9,1080,1080,1838,1080.9,1081.9,1080,1080,1838,1084.8,1071.2,1084.8,1071.2
2026-08-07,1077,1079.6,1071.9,1077.8,7016,1050.1,1050.9,1050,1050,3711,1050.1,1050.9,1050,1050,3711,1087.2,1032.3,1087.2,1032.3
2026-08-10,1052.3,1052.5,1038.1,1045.2,20315,1032.1,1032.8,1030,1032.8,4483,1032.1,1032.8,1030,1032.8,4483,1052.5,1020.7,1052.5,1020.7
2026-08-11,1032,1034.1,1020.2,1028,24651,1026.4,1026.8,1026,1026.5,814,1026.4,1026.8,1026,1026.5,814,1034.1,1017.0,1034.1,1017.0
2026-08-12,922.5,922.5,922.5,922.5,215168,910,910,909.8,910,59163,910,910,909.8,910,59163,951.8,907.8,951.8,907.8
2026-08-13,911.4,912.9,906.3,908.7,118538,938.2,938.2,936,936,5754,938.2,938.2,936,936,5754,939.0,906.3,939.0,906.3
2026-08-14,941.5,941.5,936,937.6,54162,937.7,937.9,937.1,937.1,2308,937.7,937.9,937.1,937.1,2308,942.6,930.0,942.6,930.0
2026-08-17,934.3,936,930.1,930.1,21794,932.5,932.8,932,932,7417,932.5,932.8,932,932,7417,937.8,925.6,937.8,925.6
2026-08-18,935,935,928.1,928.2,10869,933,933,932,932,10185,933,933,932,932,10185,936.4,920.0,936.4,920.0
2026-08-19,938.1,938.1,930.1,932.2,18407,931.8,931.8,931,931.8,5368,931.8,931.8,931,931.8,5368,939.4,928.0,939.4,928.0
2026-08-20,937,937,934,935.1,12618,942.5,943,941.1,941.1,13828,942.5,943,941.1,941.1,13828,948.0,934.0,948.0,934.0
2026-08-21,944.4,944.4,940,943.9,9092,930.8,931,929.9,929.9,12591,930.8,931,929.9,929.9,12591,945.8,928.0,945.8,928.0
2026-08-24,932.5,932.7,929.6,931.1,7115,927.1,928.5,926.7,928.1,2871,927.1,928.5,926.7,928.1,2871,934.3,918.4,934.3,918.4
2026-08-25,928.9,930.9,925,925.2,1784,929.1,929.1,927.6,929,2561,929.1,929.1,927.6,929,2561,930.9,918.2,930.9,918.2
2026-08-26,929.2,933.9,929.2,929.6,9583,929.3,929.3,928,928,3485,929.3,929.3,928,928,3485,933.9,927.0,933.9,927.0
2026-08-27,930,930,924.5,927.8,11967,919,923,918,920,8631,919,923,918,920,8631,930.0,912.0,930.0,912.0
2026-08-28,927.8,927.8,917.2,919.1,3037,912.6,915.8,912,915.8,39203,912.6,915.8,912,915.8,39203,927.8,911.6,927.8,911.6
2026-08-31,911.2,913.3,905.8,907,14724,905.7,905.7,903.9,904,11738,905.7,905.7,903.9,904,11738,913.3,901.4,913.3,901.4
2026-09-01,901.3,905.65,901.3,903.85,11432,900.45,900.8,899,900.05,2373,900.45,900.8,899,900.05,2373,905.65,891.1,905.65,891.1
2026-09-02,900.55,900.55,893.7,893.9,10091,902.35,904,900,901.7,3237,902.35,904,900,901.7,3237,904.65,891.5,904.65,891.5
2026-09-03,893,893,867.3,869.7,181963,873.3,874,872.55,874,8016,873.3,874,872.55,874,8016,893.0,859.55,893.0,859.55
2026-09-04,878.65,878.65,871.7,872.55,30344,878.75,879.15,878.55,878.75,4608,878.75,879.15,878.55,878.75,4608,880.0,866.1,880.0,866.1
2026-09-07,878.5,879.05,871.5,871.5,11306,859.3,859.6,859,859.6,2585,859.3,859.6,859,859.6,2585,879.05,857.1,879.05,857.1
2026-09-08,866.5,866.55,858,860.85,9164,868,870.3,867.5,870.3,11266,868,870.3,867.5,870.3,11266,870.95,855.15,870.95,855.15
2026-09-09,867.95,867.95,864,864.95,5291,861.3,862.95,860.1,862.95,6680,861.3,862.95,860.1,862.95,6680,867.95,856.1,867.95,856.1
2026-09-10,863.8,869,859.8,863.05,6797,868.45,870.55,868.1,868.1,3095,868.45,870.55,868.1,868.1,3095,872.8,859.0,872.8,859.0
2026-09-11,860,865,859,859,3469,865,865.35,864.65,865.35,4521,865,865.35,864.65,865.35,4521,872.6,859.0,872.6,859.0
2026-09-15,867,869,863.9,863.9,13805,860.7,860.7,856.6,857.1,3541,860.7,860.7,856.6,857.1,3541,877.0,856.6,877.0,856.6
2026-09-16,856,866.55,856,865.65,5320,870.05,872,865.3,865.3,28940,870.05,872,865.3,865.3,28940,876.85,856.0,876.85,856.0
