date,open,high,low,close,prev_vwap,trade_type,entry,target,exit,target_hit,pnl_absolute,pnl_percent
2025-01-02,975.50,991.60,968.80,990.65,970.55,SHORT,975.50,970.55,970.55,true,4.95,0.51
2025-01-03,993.00,1025.40,990.65,997.20,983.35,SHORT,993.00,983.35,997.20,false,-4.20,-0.42
2025-01-06,1004.95,1004.95,963.20,968.90,1006.74,LONG,1004.95,1006.74,968.90,false,-36.05,-3.59
2025-01-07,970.15,994.55,970.15,982.65,978.71,LONG,970.15,978.71,978.71,true,8.56,0.88
2025-01-08,985.90,986.00,967.10,981.75,984.91,SHORT,985.90,984.91,984.91,true,0.99,0.10
2025-01-09,981.05,985.35,970.40,981.50,977.52,SHORT,981.05,977.52,977.52,true,3.53,0.36
2025-01-10,971.75,975.00,933.05,939.20,978.18,LONG,971.75,978.18,939.20,false,-32.55,-3.35
2025-01-13,936.90,973.50,934.50,942.70,948.51,LONG,936.90,948.51,948.51,true,11.61,1.24
2025-01-14,945.10,979.30,945.10,962.95,953.88,LONG,945.10,953.88,953.88,true,8.78,0.93
2025-01-15,971.25,983.00,954.65,961.70,967.95,SHORT,971.25,967.95,967.95,true,3.30,0.34
2025-01-16,967.00,990.65,967.00,975.95,966.57,SKIP,,,,,,
2025-01-17,972.85,975.60,959.00,971.95,980.76,LONG,972.85,980.76,971.95,false,-0.90,-0.09
2025-01-20,967.00,980.45,948.10,969.95,967.73,SKIP,,,,,,
2025-01-21,971.55,978.50,958.00,961.25,966.74,SHORT,971.55,966.74,966.74,true,4.81,0.50
2025-01-22,964.45,977.55,949.15,971.75,964.55,SKIP,,,,,,
2025-01-23,965.95,988.55,962.50,971.05,959.03,SHORT,965.95,959.03,971.05,false,-5.10,-0.53
2025-01-24,970.85,973.00,948.25,951.25,976.24,LONG,970.85,976.24,951.25,false,-19.60,-2.02
2025-01-27,947.00,947.00,925.10,927.40,959.07,LONG,947.00,959.07,927.40,false,-19.60,-2.07
2025-01-28,937.35,948.95,925.70,935.20,930.32,SHORT,937.35,930.32,930.32,true,7.03,0.75
2025-01-29,935.70,951.40,931.95,947.85,937.53,LONG,935.70,937.53,937.53,true,1.83,0.20
2025-01-30,948.30,967.40,946.10,956.35,939.51,SHORT,948.30,939.51,956.35,false,-8.05,-0.85
2025-01-31,957.55,999.30,953.10,990.30,960.48,LONG,957.55,960.48,960.48,true,2.93,0.31
2025-02-01,977.00,1023.00,972.40,1010.15,984.08,LONG,977.00,984.08,984.08,true,7.08,0.72
2025-02-03,994.00,1023.95,990.10,1011.75,1009.35,LONG,994.00,1009.35,1009.35,true,15.35,1.54
2025-02-04,1022.45,1053.55,1014.70,1045.45,1011.26,SHORT,1022.45,1011.26,1045.45,false,-23.00,-2.25
2025-02-05,1052.40,1078.70,1052.40,1061.75,1038.06,SHORT,1052.40,1038.06,1061.75,false,-9.35,-0.89
2025-02-06,1062.10,1076.75,1058.05,1064.85,1067.88,LONG,1062.10,1067.88,1067.88,true,5.78,0.54
2025-02-07,1061.50,1086.55,1061.50,1080.50,1067.87,LONG,1061.50,1067.87,1067.87,true,6.37,0.60
2025-02-10,1076.00,1082.00,1062.70,1068.45,1074.42,SHORT,1076.00,1074.42,1074.42,true,1.58,0.15
2025-02-11,1063.50,1074.90,1047.65,1055.00,1069.56,LONG,1063.50,1069.56,1069.56,true,6.06,0.57
2025-02-12,1060.45,1063.95,1020.25,1040.30,1057.74,SHORT,1060.45,1057.74,1057.74,true,2.71,0.26
2025-02-13,1039.50,1056.95,1025.40,1047.30,1038.35,SHORT,1039.50,1038.35,1038.35,true,1.15,0.11
2025-02-14,1049.60,1058.10,1018.20,1024.65,1045.76,SHORT,1049.60,1045.76,1045.76,true,3.84,0.37
2025-02-17,1024.40,1049.80,1013.10,1047.90,1030.91,LONG,1024.40,1030.91,1030.91,true,6.51,0.64
2025-02-18,1045.00,1051.50,1022.85,1023.00,1040.20,SHORT,1045.00,1040.20,1040.20,true,4.80,0.46
2025-02-19,1024.10,1042.05,1015.90,1035.15,1031.04,LONG,1024.10,1031.04,1031.04,true,6.94,0.68
2025-02-20,1029.95,1049.90,1025.60,1047.40,1032.47,LONG,1029.95,1032.47,1032.47,true,2.52,0.24
2025-02-21,1041.55,1055.80,1038.95,1043.85,1042.54,SKIP,,,,,,
2025-02-24,1030.10,1038.75,1021.10,1029.40,1045.87,LONG,1030.10,1045.87,1029.40,false,-0.70,-0.07
2025-02-25,1028.20,1041.70,1026.35,1035.05,1028.57,SKIP,,,,,,
2025-02-27,1046.90,1063.30,1042.70,1042.90,1034.63,SHORT,1046.90,1034.63,1042.90,false,4.00,0.38
2025-02-28,1040.00,1040.65,975.30,976.50,1049.89,LONG,1040.00,1049.89,976.50,false,-63.50,-6.11
2025-03-03,978.95,985.15,947.00,984.20,990.26,LONG,978.95,990.26,984.20,false,5.25,0.54
2025-03-04,978.00,1003.60,966.95,988.05,966.42,SHORT,978.00,966.42,988.05,false,-10.05,-1.03
2025-03-05,984.25,995.25,970.65,972.00,989.03,LONG,984.25,989.03,989.03,true,4.78,0.49
2025-03-06,976.00,984.10,962.20,971.75,979.77,LONG,976.00,979.77,979.77,true,3.77,0.39
2025-03-07,971.00,976.60,933.30,936.50,972.64,LONG,971.00,972.64,972.64,true,1.64,0.17
2025-03-10,895.00,913.35,881.10,900.30,943.85,LONG,895.00,943.85,900.30,false,5.30,0.59
2025-03-11,810.45,810.45,649.00,658.15,902.36,LONG,810.45,902.36,658.15,false,-152.30,-18.79
2025-03-12,630.00,697.65,606.00,686.90,691.22,LONG,630.00,691.22,691.22,true,61.22,9.72
2025-03-13,690.00,706.90,667.65,672.30,672.37,SHORT,690.00,672.37,672.37,true,17.63,2.56
2025-03-17,705.00,709.90,675.00,676.95,683.33,SHORT,705.00,683.33,683.33,true,21.67,3.07
2025-03-18,685.95,686.80,670.60,681.20,693.49,LONG,685.95,693.49,681.20,false,-4.75,-0.69
2025-03-19,685.00,700.80,682.55,691.80,678.58,SHORT,685.00,678.58,691.80,false,-6.80,-0.99
2025-03-20,697.50,701.00,681.00,683.85,692.79,SHORT,697.50,692.79,692.79,true,4.71,0.68
2025-03-21,685.00,693.85,672.30,689.05,688.93,LONG,685.00,688.93,688.93,true,3.93,0.57
2025-03-24,692.00,693.75,665.15,669.45,683.08,SHORT,692.00,683.08,683.08,true,8.92,1.29
2025-03-25,670.20,672.85,633.60,636.90,673.43,LONG,670.20,673.43,636.90,false,-33.30,-4.97
2025-03-26,637.40,662.50,637.40,657.65,644.59,LONG,637.40,644.59,644.59,true,7.19,1.13
2025-03-27,655.30,676.75,640.50,673.80,655.54,SKIP,,,,,,
2025-03-28,672.00,673.95,643.50,649.90,661.34,SHORT,672.00,661.34,661.34,true,10.66,1.59
2025-04-01,649.00,689.80,646.85,683.00,656.57,LONG,649.00,656.57,656.57,true,7.57,1.17
2025-04-02,682.70,708.40,675.00,702.15,679.29,SHORT,682.70,679.29,679.29,true,3.41,0.50
2025-04-03,694.95,714.70,693.50,709.35,694.29,SKIP,,,,,,
2025-04-04,701.00,704.90,675.65,682.10,707.48,LONG,701.00,707.48,682.10,false,-18.90,-2.70
2025-04-07,637.00,678.00,637.00,676.45,685.61,LONG,637.00,685.61,676.45,false,39.45,6.19
2025-04-08,684.90,695.90,673.00,678.50,663.53,SHORT,684.90,663.53,678.50,false,6.40,0.93
2025-04-09,679.65,683.30,670.25,678.65,681.63,LONG,679.65,681.63,681.63,true,1.98,0.29
2025-04-11,684.95,692.00,675.50,690.05,677.98,SHORT,684.95,677.98,677.98,true,6.97,1.02
2025-04-15,705.00,741.00,693.05,736.80,682.95,SHORT,705.00,682.95,736.80,false,-31.80,-4.51
2025-04-16,747.00,794.40,733.00,786.80,726.95,SHORT,747.00,726.95,786.80,false,-39.80,-5.33
2025-04-17,788.25,801.00,777.30,794.35,771.92,SHORT,788.25,771.92,794.35,false,-6.10,-0.77
2025-04-21,802.00,841.90,798.35,828.30,791.88,SHORT,802.00,791.88,828.30,false,-26.30,-3.28
2025-04-22,790.00,808.00,775.40,786.95,826.36,LONG,790.00,826.36,786.95,false,-3.05,-0.39
2025-04-23,797.45,805.00,782.00,795.00,793.03,SHORT,797.45,793.03,793.03,true,4.42,0.55
2025-04-24,795.00,837.50,793.30,820.05,793.97,SHORT,795.00,793.97,793.97,true,1.03,0.13
2025-04-25,822.00,829.00,807.35,823.05,823.90,LONG,822.00,823.90,823.90,true,1.90,0.23
2025-04-28,828.00,841.80,821.05,830.50,820.55,SHORT,828.00,820.55,830.50,false,-2.50,-0.30
2025-04-29,841.95,852.00,828.55,836.00,831.53,SHORT,841.95,831.53,831.53,true,10.42,1.24
2025-04-30,820.00,841.50,810.05,841.25,839.07,LONG,820.00,839.07,839.07,true,19.07,2.33
2025-05-02,835.00,863.50,833.10,851.75,825.85,SHORT,835.00,825.85,851.75,false,-16.75,-2.01
2025-05-05,855.00,862.00,840.55,847.10,853.57,SHORT,855.00,853.57,853.57,true,1.43,0.17
2025-05-06,846.75,851.25,821.90,831.90,847.64,LONG,846.75,847.64,847.64,true,0.89,0.11
2025-05-07,827.00,842.00,816.10,830.00,833.75,LONG,827.00,833.75,833.75,true,6.75,0.82
2025-05-08,835.00,844.25,819.70,822.40,830.10,SHORT,835.00,830.10,830.10,true,4.90,0.59
2025-05-09,805.50,826.45,805.50,818.45,828.65,LONG,805.50,828.65,818.45,false,12.95,1.61
2025-05-12,835.00,838.00,786.00,787.70,818.13,SHORT,835.00,818.13,818.13,true,16.87,2.02
2025-05-13,794.00,804.00,769.35,771.00,802.04,LONG,794.00,802.04,802.04,true,8.04,1.01
2025-05-14,775.00,786.40,764.55,781.00,780.24,LONG,775.00,780.24,780.24,true,5.24,0.68
2025-05-15,778.00,782.65,757.85,780.50,774.94,SHORT,778.00,774.94,774.94,true,3.06,0.39
2025-05-16,750.00,784.65,750.00,782.95,774.91,LONG,750.00,774.91,774.91,true,24.91,3.32
2025-05-19,779.90,791.95,770.30,784.20,767.39,SHORT,779.90,767.39,784.20,false,-4.30,-0.55
2025-05-20,785.00,799.70,780.25,781.95,782.34,SHORT,785.00,782.34,782.34,true,2.66,0.34
2025-05-21,783.00,786.70,761.00,772.25,789.07,LONG,783.00,789.07,772.25,false,-10.75,-1.37
2025-05-22,750.00,796.70,725.80,787.00,770.46,LONG,750.00,770.46,770.46,true,20.46,2.73
2025-05-23,781.10,799.20,777.30,793.15,772.94,SHORT,781.10,772.94,793.15,false,-12.05,-1.54
2025-05-26,793.35,802.00,790.75,799.55,788.99,SHORT,793.35,788.99,799.55,false,-6.20,-0.78
2025-05-27,798.60,827.60,798.00,821.50,797.53,SHORT,798.60,797.53,821.50,false,-22.90,-2.87
2025-05-28,820.50,820.70,803.75,804.95,817.21,SHORT,820.50,817.21,817.21,true,3.29,0.40
2025-05-29,805.15,825.00,803.05,824.80,811.94,LONG,805.15,811.94,811.94,true,6.79,0.84
2025-05-30,821.10,823.85,811.00,817.40,817.66,SHORT,821.10,817.66,817.66,true,3.44,0.42
2025-06-02,815.00,824.80,809.55,812.70,816.19,LONG,815.00,816.19,816.19,true,1.19,0.15
2025-06-03,818.45,818.45,800.05,800.75,815.74,SHORT,818.45,815.74,815.74,true,2.71,0.33
2025-06-04,807.80,815.45,803.00,814.85,806.78,SHORT,807.80,806.78,806.78,true,1.02,0.13
2025-06-05,817.00,818.50,800.30,802.70,811.26,SHORT,817.00,811.26,811.26,true,5.74,0.70
2025-06-06,807.00,845.85,805.00,820.50,806.20,SKIP,,,,,,
2025-06-09,831.25,840.00,821.50,836.80,824.42,SHORT,831.25,824.42,824.42,true,6.83,0.82
2025-06-10,838.00,857.35,836.00,846.55,834.02,SHORT,838.00,834.02,846.55,false,-8.55,-1.02
2025-06-11,845.25,851.40,834.45,835.40,848.32,LONG,845.25,848.32,848.32,true,3.07,0.36
2025-06-12,837.00,843.15,828.05,829.10,842.89,LONG,837.00,842.89,842.89,true,5.89,0.70
2025-06-13,819.00,826.80,813.05,816.40,833.87,LONG,819.00,833.87,816.40,false,-2.60,-0.32
2025-06-16,817.05,824.80,810.25,822.60,819.36,LONG,817.05,819.36,819.36,true,2.31,0.28
2025-06-17,820.00,820.95,806.05,809.35,818.74,SHORT,820.00,818.74,818.74,true,1.26,0.15
2025-06-18,818.05,855.50,815.55,849.20,811.22,SHORT,818.05,811.22,849.20,false,-31.15,-3.81
2025-06-19,847.00,849.60,836.10,837.15,844.79,SHORT,847.00,844.79,844.79,true,2.21,0.26
2025-06-20,835.50,847.50,829.00,843.40,840.66,LONG,835.50,840.66,840.66,true,5.16,0.62
2025-06-23,835.20,845.00,826.50,838.70,840.20,LONG,835.20,840.20,840.20,true,5.00,0.60
2025-06-24,851.00,852.00,823.80,830.95,837.22,SHORT,851.00,837.22,837.22,true,13.78,1.62
2025-06-25,834.00,838.80,828.00,829.20,834.70,SKIP,,,,,,
2025-06-26,834.90,840.50,824.50,835.20,832.21,SHORT,834.90,832.21,832.21,true,2.69,0.32
2025-06-27,836.00,881.00,831.50,855.85,833.02,SHORT,836.00,833.02,833.02,true,2.98,0.36
2025-06-30,864.75,875.75,857.70,872.30,859.14,SHORT,864.75,859.14,859.14,true,5.61,0.65
2025-07-01,870.10,892.80,866.05,878.65,868.31,SHORT,870.10,868.31,868.31,true,1.79,0.21
2025-07-02,875.50,875.50,847.70,857.65,880.28,LONG,875.50,880.28,857.65,false,-17.85,-2.04
2025-07-03,849.00,866.00,845.55,862.80,856.85,LONG,849.00,856.85,856.85,true,7.85,0.92
2025-07-04,857.10,863.90,849.40,856.35,859.95,LONG,857.10,859.95,859.95,true,2.85,0.33
2025-07-07,847.00,866.95,845.20,855.10,856.55,LONG,847.00,856.55,856.55,true,9.55,1.13
2025-07-08,855.00,862.90,848.45,849.95,857.41,LONG,855.00,857.41,857.41,true,2.41,0.28
2025-07-09,851.75,854.90,839.75,840.60,854.45,LONG,851.75,854.45,854.45,true,2.70,0.32
2025-07-10,845.00,855.70,840.95,853.05,846.12,LONG,845.00,846.12,846.12,true,1.12,0.13
2025-07-11,852.00,867.70,849.60,858.10,848.85,SHORT,852.00,848.85,858.10,false,-6.10,-0.72
2025-07-14,858.80,873.50,857.45,866.65,858.47,SKIP,,,,,,
2025-07-15,871.00,886.75,869.65,881.25,866.39,SHORT,871.00,866.39,881.25,false,-10.25,-1.18
2025-07-16,876.00,888.95,876.00,879.45,879.41,LONG,876.00,879.41,879.41,true,3.41,0.39
2025-07-17,879.75,890.90,864.05,865.10,882.18,LONG,879.75,882.18,882.18,true,2.43,0.28
2025-07-18,866.00,876.45,861.25,869.10,871.92,LONG,866.00,871.92,871.92,true,5.92,0.68
2025-07-21,870.05,870.05,830.60,859.35,869.48,SKIP,,,,,,
2025-07-22,880.00,884.65,841.10,842.70,847.77,SHORT,880.00,847.77,847.77,true,32.23,3.66
2025-07-23,849.00,854.00,841.80,852.20,853.18,LONG,849.00,853.18,853.18,true,4.18,0.49
2025-07-24,855.25,860.80,845.00,848.25,848.73,SHORT,855.25,848.73,848.73,true,6.52,0.76
2025-07-25,846.40,848.40,821.40,823.25,852.39,LONG,846.40,852.39,823.25,false,-23.15,-2.74
2025-07-28,825.00,828.75,800.00,801.80,829.59,LONG,825.00,829.59,801.80,false,-23.20,-2.81
2025-07-29,800.00,818.85,790.00,809.55,815.09,LONG,800.00,815.09,815.09,true,15.09,1.89
2025-07-30,811.00,814.80,795.55,802.00,804.42,SHORT,811.00,804.42,804.42,true,6.58,0.81
2025-07-31,795.60,806.00,789.10,799.35,803.47,LONG,795.60,803.47,803.47,true,7.87,0.99
2025-08-01,792.50,798.65,779.70,782.70,798.75,LONG,792.50,798.75,782.70,false,-9.80,-1.24
2025-08-04,783.00,805.05,781.00,804.80,788.26,LONG,783.00,788.26,788.26,true,5.26,0.67
2025-08-05,820.00,848.70,810.05,819.20,796.63,SHORT,820.00,796.63,819.20,false,0.80,0.10
2025-08-06,822.00,822.00,795.40,802.90,827.11,LONG,822.00,827.11,802.90,false,-19.10,-2.32
2025-08-07,801.85,810.00,789.10,808.10,806.18,LONG,801.85,806.18,806.18,true,4.33,0.54
2025-08-08,806.60,808.50,780.15,781.20,800.33,SHORT,806.60,800.33,800.33,true,6.27,0.78
2025-08-11,784.50,790.10,777.85,782.40,792.17,LONG,784.50,792.17,782.40,false,-2.10,-0.27
2025-08-12,784.05,791.35,780.80,782.65,783.66,SKIP,,,,,,
2025-08-13,787.00,787.80,766.70,773.15,785.60,SHORT,787.00,785.60,785.60,true,1.40,0.18
2025-08-14,773.45,779.80,765.70,770.00,774.43,LONG,773.45,774.43,774.43,true,0.98,0.13
2025-08-18,777.50,795.90,777.50,788.70,772.31,SHORT,777.50,772.31,788.70,false,-11.20,-1.44
2025-08-19,787.25,790.70,780.85,785.85,789.49,LONG,787.25,789.49,789.49,true,2.24,0.28
2025-08-20,786.45,790.20,777.45,777.80,785.56,SHORT,786.45,785.56,785.56,true,0.89,0.11
2025-08-21,781.00,781.85,766.50,767.20,781.22,SKIP,,,,,,
2025-08-22,767.45,772.70,759.15,759.20,770.41,LONG,767.45,770.41,770.41,true,2.96,0.39
2025-08-25,767.95,775.00,761.50,770.95,764.40,SHORT,767.95,764.40,764.40,true,3.55,0.46
2025-08-26,770.85,773.00,754.65,756.05,768.94,SHORT,770.85,768.94,768.94,true,1.91,0.25
2025-08-28,756.40,762.40,744.85,746.50,758.19,LONG,756.40,758.19,758.19,true,1.79,0.24
2025-08-29,743.00,750.35,738.00,739.35,750.64,LONG,743.00,750.64,739.35,false,-3.65,-0.49
2025-09-01,742.40,753.50,741.50,752.90,742.79,SKIP,,,,,,
2025-09-02,753.00,758.75,747.50,750.30,748.35,SHORT,753.00,748.35,748.35,true,4.65,0.62
2025-09-03,750.00,769.00,749.20,767.70,753.05,LONG,750.00,753.05,753.05,true,3.05,0.41
2025-09-04,771.80,773.40,754.25,754.50,762.62,SHORT,771.80,762.62,762.62,true,9.18,1.19
2025-09-05,756.35,759.00,750.00,758.35,760.67,LONG,756.35,760.67,758.35,false,2.00,0.26
2025-09-08,759.50,760.50,746.50,749.65,755.31,SHORT,759.50,755.31,755.31,true,4.19,0.55
2025-09-09,753.65,755.10,745.10,746.70,751.36,SHORT,753.65,751.36,751.36,true,2.29,0.30
2025-09-10,750.20,755.85,746.10,750.90,748.36,SHORT,750.20,748.36,748.36,true,1.84,0.25
2025-09-11,751.50,754.30,747.50,748.85,750.93,SKIP,,,,,,
2025-09-12,753.00,754.35,740.10,740.40,750.37,SHORT,753.00,750.37,750.37,true,2.63,0.35
2025-09-15,741.00,744.40,738.10,739.95,744.11,LONG,741.00,744.11,744.11,true,3.11,0.42
2025-09-16,740.70,748.95,734.60,741.95,740.87,SKIP,,,,,,
2025-09-17,745.00,745.90,737.05,739.00,741.84,SHORT,745.00,741.84,741.84,true,3.16,0.42
2025-09-18,742.45,743.00,732.50,735.50,739.96,SHORT,742.45,739.96,739.96,true,2.49,0.34
2025-09-19,738.00,746.20,736.15,745.75,737.06,SHORT,738.00,737.06,737.06,true,0.94,0.13
2025-09-22,744.40,748.30,733.60,734.00,743.46,SHORT,744.40,743.46,743.46,true,0.94,0.13
2025-09-23,735.00,757.00,729.05,755.70,740.26,LONG,735.00,740.26,740.26,true,5.26,0.72
2025-09-24,755.25,758.95,738.90,740.30,747.41,SHORT,755.25,747.41,747.41,true,7.84,1.04
2025-09-25,740.95,745.60,735.40,739.10,747.62,LONG,740.95,747.62,739.10,false,-1.85,-0.25
2025-09-26,742.00,742.65,711.10,712.10,740.99,SHORT,742.00,740.99,740.99,true,1.01,0.14
2025-09-29,717.75,733.40,712.55,721.80,721.00,LONG,717.75,721.00,721.00,true,3.25,0.45
2025-09-30,730.00,737.70,722.55,735.65,723.88,SHORT,730.00,723.88,723.88,true,6.12,0.84
2025-10-01,732.20,745.45,726.00,743.25,731.05,SHORT,732.20,731.05,731.05,true,1.15,0.16
2025-10-03,743.20,758.95,741.75,747.70,738.37,SHORT,743.20,738.37,747.70,false,-4.50,-0.61
2025-10-06,742.00,755.60,734.10,738.70,747.14,LONG,742.00,747.14,747.14,true,5.14,0.69
2025-10-07,742.95,752.40,740.45,749.55,743.85,LONG,742.95,743.85,743.85,true,0.90,0.12
2025-10-08,747.05,754.10,739.15,740.50,748.49,LONG,747.05,748.49,748.49,true,1.44,0.19
2025-10-09,744.00,753.30,743.00,749.60,745.85,LONG,744.00,745.85,745.85,true,1.85,0.25
2025-10-10,749.60,766.75,747.75,763.90,748.46,SHORT,749.60,748.46,748.46,true,1.14,0.15
2025-10-13,758.00,767.95,757.05,759.15,759.73,LONG,758.00,759.73,759.73,true,1.73,0.23
2025-10-14,758.00,763.05,743.30,750.55,762.12,LONG,758.00,762.12,762.12,true,4.12,0.54
2025-10-15,752.35,753.00,733.20,740.25,750.42,SHORT,752.35,750.42,750.42,true,1.93,0.26
2025-10-16,742.90,744.85,735.00,739.80,742.40,SKIP,,,,,,
2025-10-17,740.00,761.00,734.50,750.45,739.72,SKIP,,,,,,
2025-10-20,743.00,770.65,726.30,760.30,750.35,LONG,743.00,750.35,750.35,true,7.35,0.99
2025-10-21,761.95,762.90,756.00,757.00,754.03,SHORT,761.95,754.03,757.00,false,4.95,0.65
2025-10-23,759.00,766.00,751.80,760.10,759.45,SKIP,,,,,,
2025-10-24,759.95,759.95,750.85,755.10,761.13,LONG,759.95,761.13,755.10,false,-4.85,-0.64
2025-10-27,755.70,771.30,753.15,769.75,754.20,SHORT,755.70,754.20,754.20,true,1.50,0.20
2025-10-28,773.90,801.95,772.45,800.20,764.62,SHORT,773.90,764.62,800.20,false,-26.30,-3.40
2025-10-29,804.00,807.50,793.80,806.55,790.63,SHORT,804.00,790.63,806.55,false,-2.55,-0.32
2025-10-30,807.00,810.00,797.25,801.30,803.18,SHORT,807.00,803.18,803.18,true,3.82,0.47
2025-10-31,800.95,806.50,792.45,794.75,802.69,LONG,800.95,802.69,802.69,true,1.74,0.22
2025-11-03,794.80,803.70,791.15,797.65,798.57,LONG,794.80,798.57,798.57,true,3.77,0.47
2025-11-04,797.05,799.25,788.80,791.55,797.55,SKIP,,,,,,
2025-11-06,791.00,797.50,777.35,785.95,792.59,LONG,791.00,792.59,792.59,true,1.59,0.20
2025-11-07,782.15,801.95,779.10,797.85,786.17,LONG,782.15,786.17,786.17,true,4.02,0.51
2025-11-10,791.00,807.80,791.00,799.30,791.25,SKIP,,,,,,
2025-11-11,799.70,828.00,792.80,826.75,800.12,SKIP,,,,,,
2025-11-12,830.05,873.00,827.00,863.65,820.11,SHORT,830.05,820.11,863.65,false,-33.60,-4.05
2025-11-13,862.00,892.35,859.05,864.50,856.31,SHORT,862.00,856.31,864.50,false,-2.50,-0.29
2025-11-14,864.00,872.00,845.85,846.65,875.72,LONG,864.00,875.72,846.65,false,-17.35,-2.01
2025-11-17,852.00,861.75,838.50,853.75,856.73,LONG,852.00,856.73,856.73,true,4.73,0.56
2025-11-18,854.05,858.50,845.05,847.95,852.87,SHORT,854.05,852.87,852.87,true,1.18,0.14
2025-11-19,850.00,850.30,836.30,840.55,850.34,SKIP,,,,,,
2025-11-20,844.00,844.00,827.50,830.10,841.61,SHORT,844.00,841.61,841.61,true,2.39,0.28
2025-11-21,832.20,856.80,830.55,846.25,833.38,LONG,832.20,833.38,833.38,true,1.18,0.14
2025-11-24,847.10,857.50,835.00,835.65,844.71,SHORT,847.10,844.71,844.71,true,2.39,0.28
2025-11-25,836.05,841.80,829.05,840.00,843.41,LONG,836.05,843.41,840.00,false,3.95,0.47
2025-11-26,844.90,858.70,841.00,851.50,837.09,SHORT,844.90,837.09,851.50,false,-6.60,-0.78
2025-11-27,853.00,863.75,846.55,857.65,852.67,SKIP,,,,,,
2025-11-28,859.65,863.00,851.50,858.30,855.45,SHORT,859.65,855.45,855.45,true,4.20,0.49
2025-12-01,860.00,862.40,842.65,847.70,857.54,SHORT,860.00,857.54,857.54,true,2.46,0.29
2025-12-02,847.15,860.50,845.40,850.50,850.14,LONG,847.15,850.14,850.14,true,2.99,0.35
2025-12-03,854.00,856.30,841.35,846.55,851.17,SHORT,854.00,851.17,851.17,true,2.83,0.33
2025-12-04,846.00,873.00,842.90,863.20,848.24,LONG,846.00,848.24,848.24,true,2.24,0.26
2025-12-05,863.65,874.40,856.10,870.35,864.43,SKIP,,,,,,
2025-12-08,870.10,873.60,834.50,841.40,864.89,SHORT,870.10,864.89,864.89,true,5.21,0.60
2025-12-09,841.45,848.70,832.15,844.60,847.34,LONG,841.45,847.34,847.34,true,5.89,0.70
2025-12-10,847.80,851.60,830.75,834.90,842.62,SHORT,847.80,842.62,842.62,true,5.18,0.61
2025-12-11,834.45,842.80,827.50,836.10,838.72,LONG,834.45,838.72,838.72,true,4.27,0.51
2025-12-12,840.05,851.20,839.00,845.60,835.79,SHORT,840.05,835.79,845.60,false,-5.55,-0.66
2025-12-15,845.95,853.50,835.40,850.45,844.94,SHORT,845.95,844.94,844.94,true,1.01,0.12
2025-12-16,854.00,856.80,841.85,844.90,846.68,SHORT,854.00,846.68,846.68,true,7.32,0.86
2025-12-17,838.20,846.10,827.80,833.85,846.11,LONG,838.20,846.11,833.85,false,-4.35,-0.52
2025-12-18,830.80,842.50,826.00,834.70,835.61,LONG,830.80,835.61,835.61,true,4.81,0.58
2025-12-19,834.90,846.60,831.00,843.45,833.85,SHORT,834.90,833.85,833.85,true,1.05,0.13
2025-12-22,845.00,862.80,840.90,856.95,843.20,SHORT,845.00,843.20,843.20,true,1.80,0.21
2025-12-23,856.40,859.70,846.75,850.00,855.77,SKIP,,,,,,
2025-12-24,850.00,858.85,844.20,847.45,851.99,LONG,850.00,851.99,851.99,true,1.99,0.23
2025-12-26,841.05,858.90,837.10,849.50,850.98,LONG,841.05,850.98,850.98,true,9.93,1.18
2025-12-29,849.80,854.55,836.60,839.85,852.34,LONG,849.80,852.34,852.34,true,2.54,0.30
2025-12-30,839.60,844.10,833.25,841.15,843.86,LONG,839.60,843.86,843.86,true,4.26,0.51
2025-12-31,841.50,869.60,836.55,864.30,839.49,SHORT,841.50,839.49,839.49,true,2.01,0.24
2026-01-01,865.45,891.60,863.50,890.75,860.16,SHORT,865.45,860.16,890.75,false,-25.30,-2.92
2026-01-02,896.00,909.75,890.25,902.00,883.10,SHORT,896.00,883.10,902.00,false,-6.00,-0.67
2026-01-05,905.00,910.00,894.65,900.80,902.96,SHORT,905.00,902.96,902.96,true,2.04,0.23
2026-01-06,898.00,924.00,886.50,914.00,902.27,LONG,898.00,902.27,902.27,true,4.27,0.48
2026-01-07,914.50,924.70,892.85,897.70,913.56,SHORT,914.50,913.56,913.56,true,0.94,0.10
2026-01-08,897.00,902.75,876.10,881.95,903.24,LONG,897.00,903.24,881.95,false,-15.05,-1.68
2026-01-09,878.05,892.00,878.05,881.50,884.74,LONG,878.05,884.74,884.74,true,6.69,0.76
2026-01-12,880.20,907.00,879.10,905.95,884.28,LONG,880.20,884.28,884.28,true,4.08,0.46
2026-01-13,909.00,911.50,897.50,910.90,894.25,SHORT,909.00,894.25,910.90,false,-1.90,-0.21
2026-01-14,913.00,948.90,905.00,945.60,903.72,SHORT,913.00,903.72,945.60,false,-32.60,-3.57
2026-01-16,945.00,960.20,938.05,954.10,940.66,SHORT,945.00,940.66,940.66,true,4.34,0.46
2026-01-19,947.95,961.90,941.45,949.70,951.55,LONG,947.95,951.55,951.55,true,3.60,0.38
2026-01-20,946.00,948.00,899.05,905.45,950.45,LONG,946.00,950.45,905.45,false,-40.55,-4.29
2026-01-21,908.00,919.15,891.45,907.65,917.21,LONG,908.00,917.21,917.21,true,9.21,1.01
2026-01-22,911.00,916.20,892.90,903.10,906.86,SHORT,911.00,906.86,906.86,true,4.14,0.45
2026-01-23,900.05,914.60,888.25,890.80,902.56,LONG,900.05,902.56,902.56,true,2.51,0.28
2026-01-27,875.00,896.80,851.15,895.50,905.67,LONG,875.00,905.67,895.50,false,20.50,2.34
2026-01-28,898.75,902.95,877.65,901.95,879.62,SHORT,898.75,879.62,879.62,true,19.13,2.13
2026-01-29,899.90,904.50,890.70,897.40,892.59,SHORT,899.90,892.59,892.59,true,7.31,0.81
2026-01-30,892.10,902.75,888.20,896.85,897.54,LONG,892.10,897.54,897.54,true,5.44,0.61
2026-02-01,894.10,906.00,863.30,895.55,896.15,LONG,894.10,896.15,896.15,true,2.05,0.23
2026-02-02,889.00,912.95,884.35,912.30,893.06,LONG,889.00,893.06,893.06,true,4.06,0.46
2026-02-03,951.30,959.60,916.35,923.10,902.17,SHORT,951.30,902.17,923.10,false,28.20,2.96
2026-02-04,922.00,932.00,915.80,922.35,938.94,LONG,922.00,938.94,922.35,false,0.35,0.04
2026-02-05,918.10,922.15,902.30,914.00,923.64,LONG,918.10,923.64,914.00,false,-4.10,-0.45
2026-02-06,909.10,917.05,895.00,903.50,910.71,LONG,909.10,910.71,910.71,true,1.61,0.18
2026-02-09,910.00,936.95,900.35,927.15,900.68,SHORT,910.00,900.68,900.68,true,9.32,1.02
2026-02-10,927.90,933.00,920.00,926.75,925.80,SHORT,927.90,925.80,925.80,true,2.10,0.23
2026-02-11,927.90,928.30,915.00,925.50,926.73,SHORT,927.90,926.73,926.73,true,1.17,0.13
2026-02-12,928.70,937.00,915.00,922.30,922.95,SHORT,928.70,922.95,922.95,true,5.75,0.62
2026-02-13,922.00,927.25,903.35,926.10,927.74,LONG,922.00,927.74,926.10,false,4.10,0.44
2026-02-16,930.00,933.70,912.15,932.80,919.11,SHORT,930.00,919.11,919.11,true,10.89,1.17
2026-02-17,931.90,952.20,928.20,944.30,926.22,SHORT,931.90,926.22,944.30,false,-12.40,-1.33
2026-02-18,944.00,950.00,932.80,946.00,944.22,SKIP,,,,,,
2026-02-19,944.50,944.50,926.50,926.55,942.53,SHORT,944.50,942.53,942.53,true,1.97,0.21
2026-02-20,934.00,947.90,922.65,926.00,936.10,LONG,934.00,936.10,936.10,true,2.10,0.22
2026-02-23,926.05,934.65,911.95,920.95,937.37,LONG,926.05,937.37,920.95,false,-5.10,-0.55
2026-02-24,919.75,934.40,912.00,930.00,920.06,SKIP,,,,,,
2026-02-25,934.00,941.85,932.10,937.05,926.55,SHORT,934.00,926.55,937.05,false,-3.05,-0.33
2026-02-26,938.00,968.40,936.30,966.25,937.07,SKIP,,,,,,
2026-02-27,963.00,968.00,951.20,956.00,955.73,SHORT,963.00,955.73,955.73,true,7.27,0.75
2026-03-02,939.00,955.95,933.20,942.65,958.25,LONG,939.00,958.25,942.65,false,3.65,0.39
2026-03-04,930.00,942.95,916.70,927.10,944.72,LONG,930.00,944.72,927.10,false,-2.90,-0.31
2026-03-05,930.05,947.55,926.95,936.20,927.16,SHORT,930.05,927.16,927.16,true,2.89,0.31
2026-03-06,935.00,942.90,915.20,916.10,937.01,LONG,935.00,937.01,937.01,true,2.01,0.21
2026-03-09,899.00,900.00,870.55,881.00,931.65,LONG,899.00,931.65,881.00,false,-18.00,-2.00
2026-03-10,892.00,904.05,885.00,899.10,879.47,SHORT,892.00,879.47,899.10,false,-7.10,-0.80
2026-03-11,897.20,907.50,874.00,877.45,895.76,SHORT,897.20,895.76,895.76,true,1.44,0.16
2026-03-12,870.00,870.50,828.00,830.75,889.65,LONG,870.00,889.65,830.75,false,-39.25,-4.51
2026-03-13,827.00,833.15,804.80,813.80,838.99,LONG,827.00,838.99,813.80,false,-13.20,-1.60
2026-03-16,814.55,830.00,806.20,824.35,813.69,SHORT,814.55,813.69,813.69,true,0.86,0.11
2026-03-17,825.00,825.00,808.00,820.35,820.97,SHORT,825.00,820.97,820.97,true,4.03,0.49
2026-03-18,819.60,847.90,815.60,842.70,816.10,SHORT,819.60,816.10,816.10,true,3.50,0.43
2026-03-19,828.20,831.25,812.95,817.65,833.71,LONG,828.20,833.71,817.65,false,-10.55,-1.27
2026-03-20,822.00,837.00,813.10,817.35,820.82,SHORT,822.00,820.82,820.82,true,1.18,0.14
2026-03-23,806.30,809.00,777.45,778.35,821.76,LONG,806.30,821.76,778.35,false,-27.95,-3.47
2026-03-24,789.85,802.15,771.70,797.65,788.76,SHORT,789.85,788.76,788.76,true,1.09,0.14
2026-03-25,802.95,834.30,802.95,817.65,787.47,SHORT,802.95,787.47,817.65,false,-14.70,-1.83
2026-03-27,809.00,816.20,785.30,794.05,820.80,LONG,809.00,820.80,794.05,false,-14.95,-1.85
2026-03-30,781.00,784.00,750.50,751.85,794.34,LONG,781.00,794.34,751.85,false,-29.15,-3.73
2026-04-01,765.95,793.65,765.95,785.75,760.60,SHORT,765.95,760.60,785.75,false,-19.80,-2.59
2026-04-02,772.20,784.75,754.00,780.30,782.27,LONG,772.20,782.27,782.27,true,10.07,1.30
2026-04-06,774.60,788.30,756.40,786.95,765.14,SHORT,774.60,765.14,765.14,true,9.46,1.22
2026-04-07,778.00,787.80,770.30,784.85,773.19,SHORT,778.00,773.19,773.19,true,4.81,0.62
2026-04-08,812.00,840.85,810.00,837.45,780.08,SHORT,812.00,780.08,837.45,false,-25.45,-3.13
2026-04-09,831.85,834.90,812.15,814.10,831.87,SKIP,,,,,,
2026-04-10,818.50,835.45,817.80,831.95,820.04,LONG,818.50,820.04,820.04,true,1.54,0.19
2026-04-13,807.10,821.50,800.70,818.45,828.89,LONG,807.10,828.89,818.45,false,11.35,1.41
2026-04-15,832.00,850.00,828.15,840.55,814.19,SHORT,832.00,814.19,840.55,false,-8.55,-1.03
2026-04-16,845.50,857.25,840.90,847.05,838.47,SHORT,845.50,838.47,847.05,false,-1.55,-0.18
2026-04-17,849.00,857.45,838.55,854.30,847.21,SHORT,849.00,847.21,847.21,true,1.79,0.21
2026-04-20,853.90,856.00,839.50,851.80,849.30,SHORT,853.90,849.30,849.30,true,4.60,0.54
2026-04-21,857.70,865.85,855.25,856.65,850.56,SHORT,857.70,850.56,856.65,false,1.05,0.12
2026-04-22,851.00,873.00,851.00,870.05,860.08,LONG,851.00,860.08,860.08,true,9.08,1.07
2026-04-23,861.70,869.70,854.15,860.40,867.46,LONG,861.70,867.46,867.46,true,5.76,0.67
2026-04-24,868.00,868.00,839.00,850.05,861.39,SHORT,868.00,861.39,861.39,true,6.61,0.76
2026-04-27,865.20,903.50,865.20,900.05,849.69,SHORT,865.20,849.69,900.05,false,-34.85,-4.03
2026-04-28,890.15,895.70,882.45,883.85,888.70,SHORT,890.15,888.70,888.70,true,1.45,0.16
2026-04-29,891.00,925.00,891.00,913.55,889.40,SHORT,891.00,889.40,913.55,false,-22.55,-2.53
2026-04-30,906.00,919.80,895.25,916.55,913.73,LONG,906.00,913.73,913.73,true,7.73,0.85
2026-05-04,925.25,942.40,912.80,913.75,910.04,SHORT,925.25,910.04,913.75,false,11.50,1.24
2026-05-05,911.10,918.10,903.00,910.60,926.92,LONG,911.10,926.92,910.60,false,-0.50,-0.05
2026-05-06,920.40,949.45,917.95,949.10,911.73,SHORT,920.40,911.73,949.10,false,-28.70,-3.12
2026-05-07,948.25,951.65,934.10,946.15,932.06,SHORT,948.25,932.06,946.15,false,2.10,0.22
2026-05-08,946.00,957.90,940.50,949.20,945.08,SKIP,,,,,,
2026-05-11,939.00,940.90,918.10,923.25,948.25,LONG,939.00,948.25,923.25,false,-15.75,-1.68
2026-05-12,920.00,922.30,890.10,894.50,926.27,LONG,920.00,926.27,894.50,false,-25.50,-2.77
2026-05-13,891.00,906.80,891.00,892.00,899.70,LONG,891.00,899.70,899.70,true,8.70,0.98
2026-05-14,895.00,914.50,886.20,905.00,899.87,LONG,895.00,899.87,899.87,true,4.87,0.54
2026-05-15,910.00,910.00,881.95,885.50,904.99,SHORT,910.00,904.99,904.99,true,5.01,0.55
2026-05-18,885.75,895.90,870.20,889.05,895.21,LONG,885.75,895.21,895.21,true,9.46,1.07
2026-05-19,898.50,904.10,888.80,894.65,885.09,SHORT,898.50,885.09,894.65,false,3.85,0.43
2026-05-20,885.55,899.95,881.15,898.85,896.81,LONG,885.55,896.81,896.81,true,11.26,1.27
2026-05-21,905.50,913.90,892.30,900.05,889.05,SHORT,905.50,889.05,900.05,false,5.45,0.60
2026-05-22,903.00,914.50,902.70,910.80,900.15,SHORT,903.00,900.15,910.80,false,-7.80,-0.86
2026-05-25,920.15,933.50,920.15,924.75,909.81,SHORT,920.15,909.81,924.75,false,-4.60,-0.50
2026-05-26,926.20,934.45,921.00,932.95,926.63,SKIP,,,,,,
2026-05-27,930.50,939.80,929.50,933.95,927.70,SHORT,930.50,927.70,933.95,false,-3.45,-0.37
2026-05-29,930.60,940.20,911.35,915.40,933.63,LONG,930.60,933.63,933.63,true,3.03,0.33
2026-06-01,917.75,925.90,896.80,901.20,919.00,LONG,917.75,919.00,919.00,true,1.25,0.14
2026-06-02,893.30,915.80,890.45,914.40,906.06,LONG,893.30,906.06,906.06,true,12.76,1.43
2026-06-03,907.10,907.90,884.05,900.55,907.21,SKIP,,,,,,
2026-06-04,903.70,907.10,895.50,903.50,893.63,SHORT,903.70,893.63,903.50,false,0.20,0.02
2026-06-05,899.00,925.80,896.10,906.00,900.97,LONG,899.00,900.97,900.97,true,1.97,0.22
2026-06-08,881.00,903.70,881.00,895.70,910.35,LONG,881.00,910.35,895.70,false,14.70,1.67
2026-06-09,896.05,928.00,896.05,922.00,894.62,SHORT,896.05,894.62,922.00,false,-25.95,-2.90
2026-06-10,922.85,923.75,882.00,884.20,916.38,SHORT,922.85,916.38,916.38,true,6.47,0.70
2026-06-11,883.85,897.60,881.75,889.30,898.28,LONG,883.85,898.28,889.30,false,5.45,0.62
2026-06-12,901.45,919.70,889.95,918.00,891.19,SHORT,901.45,891.19,891.19,true,10.26,1.14
2026-06-15,926.00,953.50,923.10,933.45,902.98,SHORT,926.00,902.98,933.45,false,-7.45,-0.80
2026-06-16,933.00,936.05,922.00,925.50,937.07,LONG,933.00,937.07,925.50,false,-7.50,-0.80
2026-06-17,926.00,936.80,920.20,936.75,927.69,LONG,926.00,927.69,927.69,true,1.69,0.18
2026-06-18,937.00,941.50,932.25,938.70,930.77,SHORT,937.00,930.77,938.70,false,-1.70,-0.18
2026-06-19,938.50,950.55,931.20,947.55,937.15,SHORT,938.50,937.15,937.15,true,1.35,0.14
2026-06-22,947.00,947.00,922.80,923.10,945.02,SHORT,947.00,945.02,945.02,true,1.98,0.21
2026-06-23,923.00,924.00,904.00,904.75,931.15,LONG,923.00,931.15,904.75,false,-18.25,-1.98
2026-06-24,904.05,933.90,900.15,927.10,909.92,LONG,904.05,909.92,909.92,true,5.87,0.65
2026-06-25,933.00,936.90,918.50,918.60,921.37,SHORT,933.00,921.37,921.37,true,11.63,1.25
2026-06-29,918.95,921.65,908.10,915.45,927.30,LONG,918.95,927.30,915.45,false,-3.50,-0.38
2026-06-30,916.45,933.10,916.45,923.95,915.66,SKIP,,,,,,
2026-07-01,927.05,949.55,927.05,940.05,925.80,SHORT,927.05,925.80,940.05,false,-13.00,-1.40
2026-07-02,941.60,944.60,931.60,943.75,940.22,SHORT,941.60,940.22,940.22,true,1.38,0.15
2026-07-03,948.00,978.00,942.10,977.00,938.91,SHORT,948.00,938.91,977.00,false,-29.00,-3.06
2026-07-06,968.00,1011.20,960.00,1010.40,963.06,SHORT,968.00,963.06,963.06,true,4.94,0.51
2026-07-07,1009.70,1038.00,1004.30,1019.50,997.05,SHORT,1009.70,997.05,1019.50,false,-9.80,-0.97
2026-07-08,1015.90,1031.30,989.80,994.90,1024.47,LONG,1015.90,1024.47,1024.47,true,8.57,0.84
2026-07-09,995.90,1022.35,995.90,1016.10,1014.38,LONG,995.90,1014.38,1014.38,true,18.48,1.86
2026-07-10,1019.70,1031.65,1013.70,1015.50,1013.79,SHORT,1019.70,1013.79,1013.79,true,5.91,0.58
2026-07-13,1010.00,1018.20,1000.55,1011.30,1020.18,LONG,1010.00,1020.18,1011.30,false,1.30,0.13
2026-07-14,1008.90,1009.00,995.30,997.20,1011.30,LONG,1008.90,1011.30,997.20,false,-11.70,-1.16
2026-07-15,998.40,1022.85,992.00,1007.40,999.49,LONG,998.40,999.49,999.49,true,1.09,0.11
2026-07-16,1018.00,1019.00,1005.55,1013.50,1012.82,SHORT,1018.00,1012.82,1012.82,true,5.18,0.51
2026-07-17,1013.80,1031.20,1010.00,1027.25,1011.73,SHORT,1013.80,1011.73,1011.73,true,2.07,0.20
2026-07-20,1029.00,1034.65,1017.15,1032.40,1024.72,SHORT,1029.00,1024.72,1024.72,true,4.28,0.42
2026-07-21,1037.80,1068.80,1031.45,1061.60,1026.55,SHORT,1037.80,1026.55,1061.60,false,-23.80,-2.29
2026-07-22,1058.00,1077.85,1055.65,1067.55,1059.29,LONG,1058.00,1059.29,1059.29,true,1.29,0.12
2026-07-23,1036.60,1042.20,998.15,1006.75,1066.88,LONG,1036.60,1066.88,1006.75,false,-29.85,-2.88
2026-07-24,1000.00,1003.45,984.05,994.85,1012.63,LONG,1000.00,1012.63,994.85,false,-5.15,-0.51
2026-07-27,1003.00,1015.60,1000.10,1006.00,994.78,SHORT,1003.00,994.78,1006.00,false,-3.00,-0.30
2026-07-28,1001.00,1006.00,989.20,994.30,1007.20,LONG,1001.00,1007.20,994.30,false,-6.70,-0.67
2026-07-29,995.05,1015.00,993.55,1011.50,995.51,SKIP,,,,,,
2026-07-30,1012.30,1012.80,999.00,1011.30,1007.03,SHORT,1012.30,1007.03,1007.03,true,5.27,0.52
2026-07-31,1011.45,1017.90,996.40,1011.15,1006.81,SHORT,1011.45,1006.81,1006.81,true,4.64,0.46
2026-08-03,1019.00,1022.80,1013.30,1018.00,1010.25,SHORT,1019.00,1010.25,1018.00,false,1.00,0.10
2026-08-04,1028.90,1028.90,1014.60,1018.80,1019.65,SHORT,1028.90,1019.65,1019.65,true,9.25,0.90
2026-08-05,1025.00,1038.00,1013.10,1016.20,1020.24,SHORT,1025.00,1020.24,1020.24,true,4.76,0.46
2026-08-06,1016.00,1033.90,1011.30,1013.10,1024.69,LONG,1016.00,1024.69,1024.69,true,8.69,0.86
2026-08-07,1010.30,1024.90,1004.40,1020.20,1022.59,LONG,1010.30,1022.59,1022.59,true,12.29,1.22
2026-08-10,1022.00,1028.00,1012.00,1027.30,1014.03,SHORT,1022.00,1014.03,1014.03,true,7.97,0.78
2026-08-11,1023.00,1024.00,1005.00,1006.30,1020.85,SHORT,1023.00,1020.85,1020.85,true,2.15,0.21
2026-08-12,1009.00,1022.70,1006.50,1022.50,1010.28,LONG,1009.00,1010.28,1010.28,true,1.28,0.13
2026-08-13,1015.00,1022.90,1009.00,1017.30,1015.17,SKIP,,,,,,
2026-08-14,1022.50,1026.60,1014.20,1019.00,1017.46,SHORT,1022.50,1017.46,1017.46,true,5.04,0.49
2026-08-17,1020.00,1020.00,1002.50,1015.30,1018.74,SHORT,1020.00,1018.74,1018.74,true,1.26,0.12
2026-08-18,1007.00,1019.50,1007.00,1012.30,1011.04,LONG,1007.00,1011.04,1011.04,true,4.04,0.40
2026-08-19,1011.90,1016.20,1007.60,1011.50,1014.07,LONG,1011.90,1014.07,1014.07,true,2.17,0.21
2026-08-20,1013.00,1014.50,1002.00,1003.00,1011.41,SHORT,1013.00,1011.41,1011.41,true,1.59,0.16
2026-08-21,1007.80,1007.80,997.00,1005.00,1007.76,SKIP,,,,,,
2026-08-24,1005.10,1016.70,1004.50,1014.30,1002.44,SHORT,1005.10,1002.44,1014.30,false,-9.20,-0.92
2026-08-25,1014.90,1022.00,1003.60,1016.00,1012.44,SHORT,1014.90,1012.44,1012.44,true,2.46,0.24
2026-08-26,1010.50,1018.60,989.40,1000.00,1011.68,LONG,1010.50,1011.68,1011.68,true,1.18,0.12
2026-08-27,1004.00,1005.30,994.50,999.30,1003.28,SKIP,,,,,,
2026-08-28,997.00,1000.60,987.30,990.10,999.48,LONG,997.00,999.48,999.48,true,2.48,0.25
2026-08-31,992.00,1000.00,980.30,994.70,992.33,SKIP,,,,,,
2026-09-01,1004.00,1004.00,985.00,989.60,998.74,SHORT,1004.00,998.74,998.74,true,5.26,0.52
2026-09-02,985.00,987.60,963.30,975.80,990.37,LONG,985.00,990.37,975.80,false,-9.20,-0.93
2026-09-03,980.00,1001.80,977.60,999.20,975.22,SHORT,980.00,975.22,999.20,false,-19.20,-1.96
2026-09-04,1004.80,1008.60,998.00,1005.40,996.02,SHORT,1004.80,996.02,1005.40,false,-0.60,-0.06
2026-09-07,1004.10,1017.90,995.00,995.80,1002.42,SHORT,1004.10,1002.42,1002.42,true,1.68,0.17
2026-09-08,991.60,1004.70,988.30,995.70,1004.81,LONG,991.60,1004.81,995.70,false,4.10,0.41
2026-09-09,994.00,1010.00,994.00,998.00,997.07,LONG,994.00,997.07,997.07,true,3.07,0.31
2026-09-10,1001.90,1002.70,986.70,990.00,1003.19,LONG,1001.90,1003.19,990.00,false,-11.90,-1.19
