date,open,high,low,close,vwap,traded_quantity,deliverable_quantity,deliverable_percentage,turnover,trades
2025-01-01,858.45,882.4,854.4,879.25,872.65,741531,474313,63.96,647097119.6,48995
2025-01-02,879,880.9,859.75,873.65,867.91,351476,162626,46.27,305048402.5,41555
2025-01-03,872.3,878.9,851.4,856.85,861.15,334065,164942,49.37,287679234.4,27209
2025-01-06,860,865,842.15,862.2,856.85,706690,346345,49.01,605529684.65,56961
2025-01-07,862.2,889.85,862.2,877.8,879.84,816353,365709,44.8,718255974.45,63714
2025-01-08,881.7,882,868.3,871.05,872.85,273457,144766,52.94,238686781.25,35253
2025-01-09,869.6,884,865.45,877.1,876.48,805297,516202,64.1,705830018.15,43455
2025-01-10,877.1,895.75,857.15,859.8,874.95,695283,238239,34.27,608338452.3,40075
2025-01-13,855,856.15,813.4,822.75,828.87,1736122,1026092,59.1,1439013953.35,95837
2025-01-14,820.55,833.3,817.4,827.5,825,1114462,748502,67.16,919426393.9,65221
2025-01-15,825.2,831.8,802.8,820.35,816.36,912264,477326,52.32,744734882.65,39452
2025-01-16,813.2,826.95,813.2,816.95,819.56,172037,58536,34.03,140994829.65,13313
2025-01-17,816.95,823.55,810.5,819.55,818.4,181997,85464,46.96,148946945.4,18954
2025-01-20,817.55,823.25,804.15,821.7,814.95,304549,144213,47.35,248192554.5,26360
2025-01-21,827.15,841.7,825.05,832.15,834.25,577550,221895,38.42,481820759.5,32210
2025-01-22,834.55,840.95,817.95,828.15,828.42,389704,151066,38.76,322837022.35,22210
2025-01-23,825,862.35,817.7,847,841.86,1113126,171586,15.41,937097676.85,52527
2025-01-24,846.1,847.95,774,796.1,797.71,4705116,2060337,43.79,3753316921.8,203231
2025-01-27,791.85,791.85,760.5,765.45,769.4,488672,190511,38.99,375985693.05,32496
2025-01-28,767.8,770.3,700,744,751.13,873149,290557,33.28,655844898.05,50368
2025-01-29,747.9,765,735.85,759.35,754.26,465733,208733,44.82,351285462.3,26750
2025-01-30,760.05,762.25,752.6,759.7,758.06,339807,169539,49.89,257595075.15,24546
2025-01-31,756.6,767.2,739.05,746.65,749.02,665562,320069,48.09,498518713.7,39693
2025-02-01,749.45,751.65,731,739.3,740.71,230282,87559,38.02,170572006.4,15589
2025-02-03,740,761.4,734.15,742.1,746.16,903454,404973,44.82,674123539.75,78100
2025-02-04,742.1,753.4,735.35,740.05,741.7,519741,300923,57.9,385491745.85,42882
2025-02-05,740.95,754.05,735.7,746.1,747.24,1590628,1228059,77.21,1188585742.55,62531
2025-02-06,748.65,757.8,740.35,746.35,746.25,535034,293491,54.85,399271092.45,42370
2025-02-07,747.55,750.8,730,744.85,739.72,602009,326296,54.2,445320270,36492
2025-02-10,744.85,745.6,721.75,736.3,730.63,404309,195458,48.34,295398541.8,43762
2025-02-11,736.3,736.3,717.8,722.15,723.85,636162,429776,67.56,460484333.65,29027
2025-02-12,726.5,734.65,705,709.45,714.84,345598,107839,31.2,247048495.45,24483
2025-02-13,703.35,719.15,699.25,702.3,708.07,228071,82036,35.97,161491346.45,16651
2025-02-14,702.55,706.7,684.9,690.35,690.71,402538,209027,51.93,278037768,26225
2025-02-17,685.65,703.95,677.3,700.9,693.22,339466,176028,51.85,235325925.85,28947
2025-02-18,702.9,710,692.25,700.4,700.11,2676244,1979636,73.97,1873677202.7,30435
2025-02-19,697.9,711.1,688.75,704.35,703.28,1005177,583962,58.1,706917860.5,31428
2025-02-20,703,717.7,693.55,714.6,707.06,1440692,959943,66.63,1018650191.85,36081
2025-02-21,717.45,726,704.6,713.75,713.02,1474834,992632,67.3,1051580214.85,40706
2025-02-24,701,711.15,690.15,700.8,702.54,1515456,965699,63.72,1064674895,42216
2025-02-25,703,705.6,686.9,688.9,692.1,493018,319258,64.76,341216930.3,26792
2025-02-27,691.1,705,672.85,677.3,680.36,353476,172209,48.72,240492116.45,27359
2025-02-28,672.65,676.2,649.15,652.4,657.74,483184,242041,50.09,317811601.15,26192
2025-03-03,648.1,657.9,642.15,651.55,651.85,789604,529745,67.09,514704029.4,34433
2025-03-04,650.95,657.65,636.3,654.2,651.88,616962,400559,64.92,402186425.9,35957
2025-03-05,659.45,680.7,653.3,677.25,670.39,525936,246174,46.81,352584741.45,24180
2025-03-06,680,690.4,677.6,688.55,685.96,375799,218650,58.18,257782502,25485
2025-03-07,693.25,693.8,677.85,679.65,683.83,227156,101443,44.66,155336335.55,12819
2025-03-10,677,684.1,669.55,677.65,676.05,397534,241652,60.79,268752424.2,20088
2025-03-11,682.1,685.95,674.15,681.8,680.04,395107,111835,28.3,268690039.35,24697
2025-03-12,689.9,697,666.45,676.6,674.1,527417,331527,62.86,355530618.8,30416
2025-03-13,681,683.4,663.2,666.2,676.27,394603,271510,68.81,266858149.45,17109
2025-03-17,670,678.85,663.9,675.15,671.63,2826617,2438370,86.26,1898436193.1,31340
2025-03-18,675.5,690.9,675.5,682.8,683.44,333095,116473,34.97,227648854.75,16509
2025-03-19,685,708.9,684.95,706.05,699.15,583638,304063,52.1,408049857.7,22402
2025-03-20,708.15,713,699.9,704.45,704.04,429189,271267,63.2,302167112,15220
2025-03-21,705,718.95,700.55,716,713.27,619087,366951,59.27,441574678.6,26040
2025-03-24,715.1,723.8,712.05,720.1,719.79,362198,171183,47.26,260707593.35,20575
2025-03-25,738,744.55,708.15,714.25,720.97,1360109,608183,44.72,980603166.75,60029
2025-03-26,714.35,730.4,710.15,720.2,721.7,706656,396874,56.16,509996469.3,33138
2025-03-27,715,725.35,710,719.55,716.38,272579,124740,45.76,195270384.5,18942
2025-03-28,724,731.8,716.3,726.2,724.57,547825,286918,52.37,396936865.35,25329
2025-04-01,723.2,728.35,714.5,718.15,719.09,280977,149016,53.03,202047939,15243
2025-04-02,718.15,727.4,700.95,724.15,721.74,156487,70907,45.31,112942646.65,11646
2025-04-03,738.85,760,736,747.15,748.1,3075327,2328528,75.72,2300653414.5,65397
2025-04-04,750,750,709.55,724.65,722.06,804600,429266,53.35,580965514.65,29958
2025-04-07,663.05,707.7,652.2,697.1,691.78,608205,243470,40.03,420743656.65,35181
2025-04-08,713,713.6,692.05,695.1,698.98,667369,457811,68.6,466480852.6,25824
2025-04-09,694.5,694.5,682.25,691.7,688.68,173688,66506,38.29,119614763.45,15172
2025-04-11,711.95,712,695.35,701.8,701.61,709621,535575,75.47,497878964.95,17267
2025-04-15,712,727,703.1,721.4,713.2,798449,566352,70.93,569455649.05,22019
2025-04-16,721.4,735,720.2,729.15,728.33,291439,106107,36.41,212264727.15,21135
2025-04-17,734,738.95,721.55,727,727.93,291049,128499,44.15,211864212.5,14284
2025-04-21,731.9,736.95,720.8,724.6,726.81,310085,170347,54.94,225374135.55,13914
2025-04-22,727.8,741.25,720.4,735.7,734.04,398842,190720,47.82,292767000.75,19294
2025-04-23,744,754.85,733.3,749.15,745.94,634656,267754,42.19,473417175.9,24803
2025-04-24,691,695,650,653.4,668.04,20252494,7647746,37.76,13529388448.75,248766
2025-04-25,655,657,628,630.1,637.58,4415736,1674821,37.93,2815373167.65,142801
2025-04-28,630.1,631.6,614,616.95,619.3,6094214,4224744,69.32,3774139595.9,142362
2025-04-29,618,631.7,612.25,628.9,620.35,3466969,1957346,56.46,2150739581,56868
2025-04-30,630,640.5,626,634.05,634.87,2090137,1260021,60.28,1326959653.5,43371
2025-05-02,634,636,622.3,627.95,628.06,1055973,597619,56.59,663219532.75,24536
2025-05-05,630,633.4,625.4,629.2,629.19,900005,530935,58.99,566269690.2,22175
2025-05-06,631.9,634.8,616,618.75,628.09,2008886,1303003,64.86,1261759873.3,29902
2025-05-07,610.3,623.75,610.3,621.2,618.68,664293,348888,52.52,410983262.4,20533
2025-05-08,621.2,624.3,606.2,610.7,618,928444,607830,65.47,573782442.9,18765
2025-05-09,601.3,615,599.55,614.1,606.37,1216346,710426,58.41,737557698.85,44043
2025-05-12,616.1,627.45,612.4,625.6,620.32,1180938,619215,52.43,732564971.85,28146
2025-05-13,628,638.4,625.95,629.45,633.28,1102961,606631,55,698484657.2,30283
2025-05-14,629.45,642,627.35,640.85,637.27,988915,504763,51.04,630206196.1,30973
2025-05-15,641,642.45,635.3,638.35,638.14,411227,172957,42.06,262418801.8,13441
2025-05-16,639.1,649.7,633.3,645.4,645.86,1427711,854454,59.85,922100923.4,30436
2025-05-19,645.4,649,641,642,644.96,432925,225982,52.2,279220761.65,14206
2025-05-20,645,645,627.3,628.5,633.88,495165,258541,52.21,313875424.95,17741
2025-05-21,632.4,642.85,630.4,639.35,637.83,593428,225084,37.93,378508868.9,26801
2025-05-22,639.25,640.5,632.25,635.1,635.99,310479,172573,55.58,197462414,12912
2025-05-23,635.15,639.9,631.55,637.25,635.64,668320,466164,69.75,424809562.3,17521
2025-05-26,637.3,652,636.5,650.15,647.22,699428,362631,51.85,452682003.75,20883
2025-05-27,653.5,657.3,648.15,654.15,653.87,2925458,2426871,82.96,1912883789.1,21581
2025-05-28,655,655,647,650.25,650.4,1196761,826661,69.07,778372816,19238
2025-05-29,650.05,652.45,643.55,647.75,647.76,511603,329958,64.49,331395741.95,15428
2025-05-30,650,651.9,642.8,646.55,646.5,253744,144365,56.89,164045997.7,11482
2025-06-02,642.05,651.45,642,649,647.3,576994,355432,61.6,373490604.75,20840
2025-06-03,650.25,654.4,638.5,641.05,643.98,356232,168025,47.17,229407452.55,13808
2025-06-04,641.05,648.65,639.9,647.4,645.33,236310,132117,55.91,152497116.55,10544
2025-06-05,651,651.95,645.85,646.7,647.81,220608,120483,54.61,142911035.75,8823
2025-06-06,646.7,649.55,641.95,646.05,645.22,261249,135042,51.69,168562749.95,10622
2025-06-09,646.05,659,646.05,656.45,653.61,803201,491402,61.18,524981534.75,15154
2025-06-10,660,667,655,658.2,660.41,1043999,482528,46.22,689468223.55,29030
2025-06-11,659.9,667.6,657.3,662.55,661.93,895617,545513,60.91,592838352.4,19658
2025-06-12,667.6,671,659.6,663.15,666.8,1665702,1182075,70.97,1110696483.45,24195
2025-06-13,655,662.2,651,653.1,654.95,700293,336212,48.01,458659996.05,23459
2025-06-16,661,662.8,651,660.35,657.85,649407,217843,33.54,427211126.7,23675
2025-06-17,662,663.4,647,649.15,654.93,840374,512518,60.99,550387641.95,17093
2025-06-18,648,651.55,641,644.55,645.26,483419,239345,49.51,311933034.7,13133
2025-06-19,645.05,648,625.1,627.25,633.03,407512,214210,52.57,257966599.7,26082
2025-06-20,625,636,624.35,631.2,631.1,1166131,869453,74.56,735948528.4,21467
2025-06-23,632,638.7,627.45,636.05,632.75,457982,211798,46.25,289789774.35,26007
2025-06-24,639,644.95,637.2,638.85,640.36,975499,734889,75.33,624670333.5,22420
2025-06-25,638,652.95,638,651.4,646.68,1105041,603804,54.64,714609086.6,42557
2025-06-26,650,653.8,641.5,645.7,644.5,1530971,1183888,77.33,986706722.9,34080
2025-06-27,649.6,653.4,640.5,642.65,644.76,1516300,1054260,69.53,977655503,46988
2025-06-30,646.4,649.45,635.05,638.9,639.75,415141,227580,54.82,265587790.05,22098
2025-07-01,638.9,643.7,633.3,636.6,636.5,415274,219794,52.93,264321355.35,17629
2025-07-02,636.2,645.9,635.2,638.75,639.67,435936,165882,38.05,278853056.9,21405
2025-07-03,639.8,644.45,635,640.35,639.81,775016,578946,74.7,495859553.7,13271
2025-07-04,641,646.5,640,644.2,643.92,165697,66609,40.2,106696057.85,9174
2025-07-07,639,646,632.8,635.25,636.12,571710,368093,64.38,363676580.9,18492
2025-07-08,635.25,637.55,627.35,632.6,631.98,766966,479856,62.57,484707404,31038
2025-07-09,636.55,642.95,633.85,639.2,639.46,1126320,849720,75.44,720232214.55,34912
2025-07-10,640,641,630.3,634.3,633.7,464855,229437,49.36,294579541.5,21007
2025-07-11,633,635.25,621.35,626.15,626.56,1069491,709006,66.29,670096386.55,28696
2025-07-14,625,645.65,620.7,636.3,634.4,1489769,1119032,75.11,945107013.45,34788
2025-07-15,642.3,659.9,642.2,655.35,654.72,1969741,1072628,54.46,1289625641,38967
2025-07-16,659.75,671.9,655.35,667.75,667.11,1381906,530081,38.36,921882721.9,44547
2025-07-17,672.2,678,668,670.4,673.44,1155085,616005,53.33,777880445.2,43635
2025-07-18,671.05,672.1,656.05,657.25,661.24,903282,627889,69.51,597290678.55,18145
2025-07-21,658.05,673,653.6,671.05,665.37,980119,453570,46.28,652145109.7,33082
2025-07-22,674,686.5,661.95,676,677.59,1657916,624952,37.7,1123385539.55,55318
2025-07-23,674,690,664.45,680.75,681.39,4189282,2218582,52.96,2854541781.4,98949
2025-07-24,677.85,684.55,660.8,669.75,672.09,2108932,1093502,51.85,1417382806.15,50616
2025-07-25,667.4,693,665.7,681.1,683.04,3025346,1285003,42.47,2066437759.35,64779
2025-07-28,681.1,699.5,678.15,690.5,692.57,1265654,415510,32.83,876551906.45,39323
2025-07-29,692,712.75,687.4,711.4,703.03,1870718,966705,51.68,1315173427.25,40597
2025-07-30,711.85,728.6,710,722.05,722,2536333,1302718,51.36,1831242235.1,100935
2025-07-31,704.15,718,701.55,714,712.44,856999,333872,38.96,610559628.1,25739
2025-08-01,714,714.35,700.15,703.25,706.68,915312,549245,60.01,646832622.25,26668
2025-08-04,700,707.8,691,704.75,699.95,1116817,827570,74.1,781719957.55,18804
2025-08-05,704.75,709.5,695,697.8,699.3,872579,522568,59.89,610193114,23730
2025-08-06,694.9,698.7,668.3,671.55,674.46,1150586,753851,65.52,776028654.85,23881
2025-08-07,672,676.65,663.45,673.2,671.28,953034,562375,59.01,639751072.55,26869
2025-08-08,672.15,674.7,651.9,655.25,665.68,428019,276417,64.58,284923906.75,14919
2025-08-11,655,655.55,641,642.6,646.34,874366,456401,52.2,565140693,34999
2025-08-12,642.85,651.25,639.3,648.95,644.66,539658,275788,51.1,347896477.3,22184
2025-08-13,651.85,661,651.55,659.15,657.22,531761,268112,50.42,349483391.4,20308
2025-08-14,663.95,672.5,659.55,667.6,665.99,472808,194941,41.23,314887279.7,19133
2025-08-18,672,681,662.5,663.65,669.77,661365,435220,65.81,442964451.5,22549
2025-08-19,664,684.6,657.2,683.05,673.34,873852,414405,47.42,588397638.25,33791
2025-08-20,682.95,683.35,665.85,667.45,672.39,312402,172176,55.11,210057523.25,16725
2025-08-21,667.45,676.95,664.75,667.8,670.15,349134,164963,47.25,233971196.6,16638
2025-08-22,667.8,673.9,664.95,667.4,668.03,196995,79766,40.49,131598229.15,9922
2025-08-25,667.35,673,663.45,667.7,668.29,260684,103063,39.54,174211309.5,11467
2025-08-26,665,668.55,648,648.8,653.09,390653,209714,53.68,255133063.95,21054
2025-08-28,648.8,651.4,626.5,629.2,637.28,1191796,794386,66.65,759503991.5,27317
2025-08-29,629.95,637.9,624.6,625.9,629.83,368869,187894,50.94,232322997.8,21551
2025-09-01,622.1,637.15,622.1,635.15,632.37,641881,441345,68.76,405903194.7,15472
2025-09-02,635.15,638,629.8,635.65,635.39,1515948,1193770,78.75,963223382.9,22380
2025-09-03,637.3,653,634.1,651.9,645.35,654308,397181,60.7,422255894,30079
2025-09-04,656.9,666.45,652.95,656.8,659.65,865487,526020,60.78,570919081.35,26039
2025-09-05,655.05,662.95,644.25,648.4,652.73,413652,216545,52.35,270002742.5,21093
2025-09-08,651.6,655.5,642.35,649.5,650.95,396717,221618,55.86,258242931.85,14340
2025-09-09,650,653.5,628,644.6,641.37,833385,408140,48.97,534505252.05,30960
2025-09-10,645.2,655.75,645,652.55,650.73,307076,165972,54.05,199822064.25,12865
2025-09-11,655,664,651.75,661,659.9,629853,378984,60.17,415638876.3,17832
2025-09-12,664.1,666.85,658.9,664.15,662.71,999196,637269,63.78,662182116.6,14265
2025-09-15,663.4,673.7,658.1,670.8,666.18,910593,535177,58.77,606617950.55,24118
2025-09-16,670.8,673.9,653.8,657.25,659.46,817761,576284,70.47,539278351.85,13254
2025-09-17,660.5,663,650.2,651.2,655.6,1337662,956882,71.53,876968967.7,26510
2025-09-18,652,660,649.3,657.95,653.85,410959,257523,62.66,268707394.1,10168
2025-09-19,659,666.75,656.3,665.45,663.84,505847,336170,66.46,335800149.6,19369
2025-09-22,666,668,650,655.3,660.97,484909,256946,52.99,320511431.1,14832
2025-09-23,658,659.1,642,643.65,647.49,163168,72260,44.29,105649348.45,10556
2025-09-24,643.65,645.45,638.55,641.15,642.97,509932,369414,72.44,327869011.6,9207
2025-09-25,641.05,642.15,635.2,636.9,638.16,362664,204428,56.37,231437046.3,21515
2025-09-26,628,633.75,608,609.45,618,870657,423037,48.59,538065333.45,33831
2025-09-29,612.45,622,607.05,614.3,615.92,574552,333840,58.1,353877114.15,28980
2025-09-30,614.3,625.75,613.35,622.85,620.93,786426,434159,55.21,488315162.2,44904
2025-10-01,623.3,636.45,623,631.6,631.09,380909,159433,41.86,240388850.95,15783
2025-10-03,631,640.6,627.5,635.5,634.3,509766,320933,62.96,323342090.3,26644
2025-10-06,635.95,637.85,626.9,634.5,631.49,688215,494730,71.89,434599143.05,15117
2025-10-07,634.5,641.8,631.2,632.7,634.19,712522,375968,52.77,451874032.55,19994
2025-10-08,632.4,637.7,627.7,630.65,631.68,859528,485491,56.48,542948054.15,21849
2025-10-09,630,643.4,630,638.6,639.6,755810,447175,59.17,483418412.85,25505
2025-10-10,636.45,656.55,630.3,651.3,648.2,1247635,474728,38.05,808712629.8,42411
2025-10-13,650,650,630.65,633.9,635.8,600007,316732,52.79,381482657.9,18837
2025-10-14,634,635.3,617.55,625.65,626.11,719369,402871,56,450402656.6,15901
2025-10-15,625.55,631.7,625.1,628.1,628.13,640076,406578,63.52,402052183.7,21106
2025-10-16,628.5,648.5,628.1,640.4,640.15,789430,382251,48.42,505351556.7,27293
2025-10-17,644.4,644.65,631.5,638.65,637.71,305601,126192,41.29,194885200.9,9490
2025-10-20,639.95,646.5,638.75,643.9,643.55,333114,202242,60.71,214374164.65,19737
2025-10-21,643.9,646.45,641,641.85,643.05,25485,14071,55.21,16388149.1,2311
2025-10-23,644,664.25,642,661.25,658.14,1034780,511326,49.41,681033865,46996
2025-10-24,666.15,667.85,655.4,659.85,661.31,687780,287775,41.84,454833960.35,29997
2025-10-27,662,666.8,658.1,660.4,662.52,308585,143945,46.65,204442232.8,13844
2025-10-28,658,664.25,652.45,657.5,657.03,342626,177216,51.72,225116155.15,14163
2025-10-29,657.5,662.65,656,659.25,659.32,192741,97585,50.63,127078505,10497
2025-10-30,657.4,660.05,643.45,650.65,652.33,379950,118369,31.15,247854225.25,15134
2025-10-31,654.4,657.55,647.05,650.1,652.39,435568,276452,63.47,284159752.1,19094
2025-11-03,654.55,660.8,652.35,657.8,657.66,308348,130682,42.38,202788491.55,13417
2025-11-04,657.8,659.85,643.6,646.55,649.04,367631,210707,57.31,238606064.85,18889
2025-11-06,635.25,653.9,616,620.6,627.15,1642849,737185,44.87,1030311227.9,76679
2025-11-07,611.5,622,608.6,616.3,615.27,1904996,1454622,76.36,1172078236.9,25664
2025-11-10,612,632.8,609.4,630.2,624.12,391199,172141,44,244154338.8,17749
2025-11-11,640,655.95,632.65,644.9,646.09,2473758,1063969,43.01,1598280802.6,52118
2025-11-12,649.3,667.4,640.65,663.85,653.25,1155741,581739,50.33,754993225.95,28344
2025-11-13,663.85,673.4,660.5,662.1,666.81,1099229,547159,49.78,732974710.05,29773
2025-11-14,662.1,666.6,650.5,654.4,658.37,491837,264609,53.8,323811732.05,13702
2025-11-17,654.55,658.5,649.2,652.15,653.85,486418,265941,54.67,318042487,15827
2025-11-18,650.05,653,641.55,643.1,645.14,547823,371133,67.75,353421469.1,17408
2025-11-19,644.3,646.1,630.8,634.85,634.69,713649,460837,64.57,452947003.15,37119
2025-11-20,635.1,636.35,630.9,634.6,633.71,173819,98463,56.65,110151620.45,8137
2025-11-21,633,639.8,626.7,629.25,633.67,299082,147297,49.25,189519497.65,11176
2025-11-24,633,646.45,630.25,639.7,640.38,826462,422411,51.11,529248840.15,21325
2025-11-25,643,643.85,637.8,642.05,641.27,421080,242902,57.69,270025822.7,17140
2025-11-26,641.75,649,641.2,646.85,646.66,171609,85687,49.93,110972910.35,12659
2025-11-27,650.7,650.7,638.2,640,641.91,180447,95440,52.89,115830671.35,12706
2025-11-28,640,651.8,637.05,648.3,645.87,408631,222102,54.35,263923126.05,23831
2025-12-01,651.5,652.1,639.1,645.45,644.96,293778,169630,57.74,189473883.75,14016
2025-12-02,642,647.15,634.7,637.3,640.01,350946,227151,64.73,224608613.65,13057
2025-12-03,635.4,643.8,631.3,636.2,636.71,235584,114323,48.53,149998996.4,13326
2025-12-04,631,644.95,631,642.35,641.63,337969,184348,54.55,216852619.75,18488
2025-12-05,639,644,631.1,639.8,638.84,433951,193336,44.55,277223350.75,15777
2025-12-08,638,639.8,625,632.15,631.14,597646,407468,68.18,377196650.6,15508
2025-12-09,628,635,623.65,627.15,628.17,194493,90124,46.34,122175301.65,11354
2025-12-10,627.95,634.25,626,629.35,631.69,645188,485122,75.19,407559871.15,16537
2025-12-11,627.4,643.9,625.15,640.85,637.67,171610,63081,36.76,109431129.95,8907
2025-12-12,640.85,652.7,639.9,647,647.73,777102,441163,56.77,503349386.3,20855
2025-12-15,647,661.2,646.95,660.35,655.49,758214,483285,63.74,496999806.25,17752
2025-12-16,658,661.2,642.8,646.35,651.11,494479,322027,65.12,321958715.75,18560
2025-12-17,642,652.95,642,646.5,646.32,888872,716817,80.64,574493588.7,21431
2025-12-18,646.5,660.25,641.25,657.1,652.13,952822,737057,77.36,621362063.05,21610
2025-12-19,658,665.3,643.95,654.15,652.94,664090,315331,47.48,433611698.45,28916
2025-12-22,653.5,663.15,652.25,659,657.89,363035,218449,60.17,238837398.9,13935
2025-12-23,659,662.05,655.65,658.55,658.14,188354,109609,58.19,123964032.3,15295
2025-12-24,658.55,661,651.5,652.95,654.2,810149,526701,65.01,530000737.95,19672
2025-12-26,650.95,656.25,648.8,654.65,654.24,130024,61596,47.37,85066468.35,6273
2025-12-29,657.9,659.45,651.3,655.55,656.15,495480,320918,64.77,325110880.8,13512
2025-12-30,655.55,655.55,638,643.75,645.26,353685,152376,43.08,228217665.8,16735
2025-12-31,645,653.75,641.7,651,649.78,218477,136707,62.57,141961733.8,11084
2026-01-01,650.05,652.4,642.15,650.2,647.19,148160,58748,39.65,95888135.55,4912
2026-01-02,650.1,660.85,647.55,658.4,656.17,290442,158402,54.54,190579822.2,10032
2026-01-05,658.35,664.6,653.15,655.4,659.96,394685,161488,40.92,260475261.3,14532
2026-01-06,654,659.55,650.1,655.65,655.39,394368,239537,60.74,258466569.8,12163
2026-01-07,659,678.95,652.35,656.75,664.91,2460325,1093555,44.45,1635904079.25,51442
2026-01-08,656.95,659.25,630.75,632.9,642,822090,318590,38.75,527780383.45,28385
2026-01-09,632.9,636,619.3,626.9,628.93,944886,531352,56.23,594265744.3,20549
2026-01-12,625.7,635.45,619.85,633.8,628.77,567837,290509,51.16,357037908.55,23777
2026-01-13,632,636.35,621.35,630.1,627,536398,236393,44.07,336319293.3,36805
2026-01-14,630.1,633.05,626.4,629.5,629.44,349627,206620,59.1,220067596.95,26827
2026-01-16,625.95,635.65,625,627.1,630.84,332682,156756,47.12,209867908.25,17778
2026-01-19,622.1,628.75,619.95,625.5,624.72,265384,101512,38.25,165791503.15,16735
2026-01-20,622.5,625.75,603.3,606,614.1,1044681,671484,64.28,641536002.05,30572
2026-01-21,606,610.55,595.1,600.85,601.11,579111,256518,44.3,348107789.55,20381
2026-01-22,606.65,609,588,592.6,596.9,982067,513926,52.33,586195601.5,28571
2026-01-23,563,597.95,539.1,543.8,566.51,4138289,1107966,26.77,2344385259.5,85728
2026-01-27,530,538.5,481.35,489.7,497.83,6309793,1618617,25.65,3141208890.95,99810
2026-01-28,482.9,490.65,476.15,480.3,481.62,1783290,581243,32.59,858868921.9,45642
2026-01-29,482,483.85,469.6,472.7,473.52,840398,324276,38.59,397941552.5,18020
2026-01-30,468.5,479.6,467.7,473.45,473.2,1064162,513600,48.26,503556451.55,31317
2026-02-01,475.95,487.4,458.2,465.35,473.67,1371688,549737,40.08,649734085.05,42390
2026-02-02,467.1,470.9,455.5,467.75,459.77,1057493,518706,49.05,486199174.4,36528
2026-02-03,512.95,512.95,474.55,478,478.7,1991438,1136318,57.06,953303766.25,43309
2026-02-04,477.7,477.95,469,472.6,472.91,721280,386842,53.63,341099621.25,29302
2026-02-05,473.15,475,457,459.5,460.27,1127623,661535,58.67,519012833.7,29442
2026-02-06,457.25,458,439,447.65,444.42,1648109,746747,45.31,732446534.3,39841
2026-02-09,449,456.95,448.55,455.5,453.28,983116,586791,59.69,445628625,27937
2026-02-10,459,461.9,450.4,452.8,454.26,1212306,669959,55.26,550703331.4,26866
2026-02-11,452.45,460.5,449.8,455.1,453.47,3094409,2135791,69.02,1403231849.15,29910
2026-02-12,457.3,457.3,440,446.35,444.48,1271668,616635,48.49,565233228.25,25575
2026-02-13,443.55,443.55,426.5,434.35,431.51,1227781,420108,34.22,529796792.15,36384
2026-02-16,437.05,446,432.8,435.05,438.59,853243,266362,31.22,374223307.65,17523
2026-02-17,436.05,437.1,430.65,432.9,433.67,721200,352020,48.81,312764706.4,16560
2026-02-18,436.65,438.55,428.25,433.15,432.74,1839096,1188644,64.63,795856863.95,24673
2026-02-19,435.6,441.6,431.75,438.2,437.19,1609859,845106,52.5,703814088.65,18824
2026-02-20,438,444.5,435.5,442.7,440.26,1620743,903181,55.73,713553040.25,20662
2026-02-23,445.6,448.65,436.6,446.95,442.99,1085448,547811,50.47,480846267.5,19401
2026-02-24,446.95,447.85,434.65,437.1,440.72,651929,249598,38.29,287317333.55,23006
2026-02-25,437.15,440.6,430.65,433.6,434.07,1063281,569075,53.52,461533448.85,20239
2026-02-26,434.1,439.85,424.55,425.9,431.18,1977089,1385273,70.07,852484552.8,22234
2026-02-27,425,427.25,418.1,422.2,422.55,870034,386199,44.39,367629154.05,20937
2026-03-02,413.15,416.65,405.35,412.25,410.5,1403365,707837,50.44,576087728.8,29762
2026-03-04,409.9,409.9,399.65,400.7,403.16,846689,428289,50.58,341354129.45,32067
2026-03-05,402.05,405,397.5,403.7,401.02,614262,280054,45.59,246332399.4,28321
2026-03-06,403.7,407.45,398,399.7,401.36,498160,232994,46.77,199940292,12332
2026-03-09,396.6,400.4,387.05,398.65,394.98,809950,364135,44.96,319915212.55,34333
2026-03-10,398.1,411.45,398.1,409.3,405.65,675580,296183,43.84,274046793.3,15198
2026-03-11,409,416.85,405.5,408.15,410.73,614892,322222,52.4,252557466.75,15473
2026-03-12,407.3,408.6,396.2,404.1,403.2,632047,227150,35.94,254843403.9,19721
2026-03-13,405.9,428,405,420.85,422.65,9786652,2653252,27.11,4136361049.65,144974
2026-03-16,424.35,426.2,405.45,410.15,413.04,1806446,608370,33.68,746133687.2,30222
2026-03-17,409.5,415.3,407.8,411.05,411.69,818059,353456,43.21,336782700.25,39287
2026-03-18,412.1,426.35,412.1,419.85,421.13,894457,418790,46.82,376686037.85,21984
2026-03-19,415,419.8,406.25,407.85,410.54,575439,251823,43.76,236240274.15,32850
2026-03-20,407.85,417.8,407.85,414.75,414.79,1084878,629180,58,449995554.5,34480
2026-03-23,408.8,414.7,396,397.85,402.41,728256,401893,55.19,293054189.25,33945
2026-03-24,402.5,406.15,395.05,398.85,399.2,908836,461434,50.77,362811747.55,42208
2026-03-25,402,423.3,402,418.75,419.3,2747812,1132087,41.2,1152149710.25,53103
2026-03-27,419,426.15,402.75,415.6,414.55,4019947,2130926,53.01,1666479698,59974
2026-03-30,408,410,387.6,389.9,394.61,3055190,1602813,52.46,1205616649.45,54425
2026-04-01,395.05,404.5,390.45,396.4,398.4,1377179,850556,61.76,548668496.9,23871
2026-04-02,392.55,393.2,380.05,391.1,387.32,535801,181936,33.96,207526128,18031
2026-04-06,391.1,400.6,380,399.4,390.32,935572,394348,42.15,365173719.25,34141
2026-04-07,400,402.3,390,390.9,395,1505794,1154331,76.66,594787433.15,17218
2026-04-08,399.45,402.4,395.65,399.05,397.59,1758813,1270852,72.26,699281168.95,17652
2026-04-09,402.4,405.4,390.25,393.1,397.21,936022,400433,42.78,371799241.1,33557
2026-04-10,399,411.8,395.1,404.65,404.94,2567574,2039562,79.44,1039724883.6,24814
2026-04-13,400,403.9,391.75,402.85,398.99,510598,190945,37.4,203724845.2,22631
2026-04-15,407.4,418.3,405,415,411.7,935725,519001,55.47,385242313.7,29787
2026-04-16,417.95,439.25,417.95,434.7,430.5,1464476,624119,42.62,630462587.45,36606
2026-04-17,438.9,441.5,430.8,436.6,437.23,539138,244062,45.27,235729426.55,17603
2026-04-20,440,443.5,433.15,436.45,438.34,445933,222536,49.9,195470652.25,14726
2026-04-21,436,450.95,434.85,444.65,445.44,997805,511323,51.24,444457426.45,24979
2026-04-22,448,449.7,430,435.95,435.84,744277,338052,45.42,324388779.2,20850
2026-04-23,431,442.4,427,428.35,435.31,848945,434843,51.22,369553957.2,25002
2026-04-24,430,432.55,417.45,421.2,422.21,648016,349974,54.01,273596630.35,24608
2026-04-27,423,440.9,421.25,437.95,435.36,647938,332806,51.36,282088074.65,23522
2026-04-28,435,445.6,434.1,440.25,439.41,816861,446528,54.66,358937350.7,34116
2026-04-29,440.25,443.95,429.9,432.15,435.75,631442,289931,45.92,275151033.45,18928
2026-04-30,431.95,518.55,429.9,467.65,482.67,59274654,7631518,12.87,28610384686.65,674656
2026-05-04,467.35,492.25,453.6,477.35,469.16,4350079,1634860,37.58,2040903887.1,97546
2026-05-05,480.85,480.85,449.1,451.4,457.49,2900571,1195856,41.23,1326978201.25,67353
2026-05-06,455.95,459.55,439.5,450.1,447.01,2590478,1360970,52.54,1157981179.8,43629
2026-05-07,454,477,450.15,467.35,467.57,4928477,1455784,29.54,2304427558.1,101479
2026-05-08,466.6,469.9,456.15,458.1,462.77,650201,234414,36.05,300891769.3,16951
2026-05-11,455,490.7,453.4,482.5,480.42,5131483,1250475,24.37,2465267066.75,102310
2026-05-12,486.25,486.25,470,478.75,479.05,2171349,1095831,50.47,1040183020.05,42568
2026-05-13,478,478.75,462,463.25,468.19,750662,248625,33.12,351452483.7,24324
2026-05-14,466.95,485.1,464.1,467.95,474.29,1383625,278620,20.14,656237820.85,42492
2026-05-15,472.75,472.75,452.5,454.05,457.87,1005028,605256,60.22,460171299.05,21171
2026-05-18,454.8,469.55,453.75,466.3,463.05,1266290,460808,36.39,586358167.35,46320
2026-05-19,466.45,479.1,461.25,471.35,472.22,1286161,575347,44.73,607350336.05,49195
2026-05-20,471.1,475.2,461.75,466.05,466.84,615295,252562,41.05,287244952.15,25968
2026-05-21,473,473.8,464.35,470.2,469.48,370003,165936,44.85,173709843.5,14084
2026-05-22,471.95,472.15,460.25,461.85,466.5,476765,203422,42.67,222411037.95,26435
2026-05-25,467,472,458.45,462.4,463.85,878441,479428,54.58,407464703.65,27867
2026-05-26,463,472.75,463,465.25,466.93,383489,183773,47.92,179063546.7,17032
2026-05-27,467.9,467.9,459,460.4,460.79,1278726,1136110,88.85,589219221.5,9661
2026-05-29,460.4,464.15,436.05,442,449.73,942298,512313,54.37,423778520.3,31486
2026-06-01,443,451.35,439.35,448,446.42,642087,267973,41.73,286642287.15,26206
2026-06-02,444.05,447.55,435.85,440.85,440.25,518108,255593,49.33,228095328.45,28714
2026-06-03,444,444,432.15,438.1,436.32,319473,115891,36.28,139391914.7,11881
2026-06-04,435.1,442.3,434,435.55,437.52,239834,103933,43.34,104932311.2,10932
2026-06-05,436.95,442.7,433,434.25,437.77,289147,118132,40.86,126579658.5,14325
2026-06-08,434,458.65,432.55,449.5,450.77,5661744,637933,11.27,2552150161.4,97879
2026-06-09,455.1,458.8,442.25,444.3,447.64,1234725,504505,40.86,552717093.85,34742
2026-06-10,446.6,462.15,446.2,454.65,456.57,1532282,654620,42.72,699587377.35,54196
2026-06-11,452,459.35,446.4,447.95,453.42,713325,340232,47.7,323435160,31046
2026-06-12,455,460,449,458.55,455.32,637719,338190,53.03,290367339.1,39987
2026-06-15,462.75,463.8,451.3,453.5,455.16,683760,338212,49.46,311217286.7,26356
2026-06-16,454.95,455,449.5,453.1,452.65,553671,339437,61.31,250617028.55,28698
2026-06-17,453.1,457.95,447,448.3,450.07,346012,179791,51.96,155728155.65,19906
2026-06-18,449.3,449.3,438,440.3,442.04,617334,310213,50.25,272886894.75,19086
2026-06-19,439.1,445.95,436.3,440.75,440.59,761776,478321,62.79,335631940.5,38138
2026-06-22,442.7,448.95,439.4,443.4,442.33,1124969,848497,75.42,497606460.05,53324
2026-06-23,445.4,454.5,434.15,436,442.2,913377,387861,42.46,403893954.45,23595
2026-06-24,439.25,444.75,435.15,442.95,440.36,611996,290675,47.5,269500610.7,35039
2026-06-25,443,447,435,436.5,439.84,880472,518183,58.85,387265586.05,29057
2026-06-29,436,445.95,431.5,434.15,438.37,801376,403862,50.4,351299743.95,29213
2026-06-30,437.9,442.15,434.5,439.5,439.04,727414,428706,58.94,319365932.05,35257
2026-07-01,443,443,426.35,431.55,431.7,1036500,508857,49.09,447453883.6,45616
2026-07-02,434.9,443,432.2,439.9,438.76,581331,336333,57.86,255066888.7,29823
2026-07-03,443.8,449.95,439.1,440,442.8,1028791,601787,58.49,455550461.2,37288
2026-07-06,444,444,423,430.25,430.19,1416764,722808,51.02,609480778.3,56168
2026-07-07,431.25,431.25,421.1,422.7,424.16,1025662,777899,75.84,435045855.8,18435
2026-07-08,420.55,426,406.4,411.6,415.19,1025191,533353,52.02,425648528.35,35970
2026-07-09,413.55,426.05,409,415.4,420.42,1345366,838975,62.36,565615147.35,29356
2026-07-10,417.6,423.85,415.4,420.35,420.55,627063,387018,61.72,263712265.65,38208
2026-07-13,418.45,422.35,416,420.35,418.53,538680,299159,55.54,225456425.8,20278
2026-07-14,421,432,416.5,419.45,422.79,1810422,771511,42.61,765432525.3,73657
2026-07-15,420,423.45,417.95,420.5,420.67,376645,196319,52.12,158443223.5,21430
2026-07-16,420.5,426.9,416.6,419.4,420.56,786042,443443,56.41,330581296.95,32573
2026-07-17,420.9,420.9,410.1,417.45,414.92,487906,261931,53.68,202444166.45,25458
2026-07-20,417.45,420,410.8,417.6,416.97,1075027,683194,63.55,448251085.6,43247
2026-07-21,417,417.8,412.05,413.25,413.41,1633962,1424019,87.15,675495832.25,18186
2026-07-22,415.25,415.4,404.55,406.4,407.03,783812,468802,59.81,319034950.25,34366
2026-07-23,405.25,407,399.4,403.25,402.8,730129,422488,57.86,294095068.35,26367
2026-07-24,402,408.25,399,406.65,405.1,777845,472866,60.79,315104208.7,28433
2026-07-27,410,415.95,403.8,413.85,412.68,530732,319037,60.11,219022296.55,25985
2026-07-28,414,414.25,404.6,409.15,408.36,727739,463435,63.68,297177509.4,20249
2026-07-29,412.9,417.5,406,414.25,413.24,1219638,783518,64.24,504001894.4,35774
2026-07-30,391,405,375.25,399.2,388.24,14967558,3941779,26.34,5810989787,240234
2026-07-31,399,399,383.25,385.9,387.21,3061579,1403157,45.83,1185487473.45,72101
2026-08-03,386.5,403.7,384,402.2,398.85,1674593,857211,51.19,667918011.7,41204
2026-08-04,403,412.5,398.9,410.2,408.91,925377,442678,47.84,378393988.9,26482
2026-08-05,412,413.9,406.2,406.95,409.77,541762,276606,51.06,221997210.65,22348
2026-08-06,408.9,409.85,393.35,399.75,401.85,806023,352554,43.74,323900316.25,26803
2026-08-07,399.2,412.2,397.85,403.7,404.79,2260564,1438180,63.62,915060403.55,78733
2026-08-10,403.5,404.8,394.75,402.6,399.95,1885130,1227435,65.11,753958810.25,71016
2026-08-11,404.9,408,402,407.25,406.14,405459,218934,54,164674618.95,24847
2026-08-12,410,411.8,403.8,408.65,408.12,591399,378298,63.97,241359217.65,25166
2026-08-13,412.7,412.8,400,401.3,403.63,810276,448761,55.38,327050570.5,40812
2026-08-14,401.2,402.75,397.5,401.45,400.55,497308,295773,59.47,199194499,17416
2026-08-17,401.55,404.7,397.05,403,401.64,306199,200045,65.33,122981675.45,21520
2026-08-18,404.55,408.9,402.3,404.1,406.16,335081,203435,60.71,136097562.65,11485
2026-08-19,403.5,404.8,395,396.85,399.04,366481,167660,45.75,146240942,17896
2026-08-20,400,402.85,394.9,395.5,397.09,1883583,1173819,62.32,747944830.75,63710
2026-08-21,395.7,411.75,395.7,407.25,407.05,953583,475631,49.88,388158408.5,31653
2026-08-24,407.1,407.1,397.15,398.55,401.16,268563,144956,53.97,107737023.05,12344
2026-08-25,398.55,407,396.25,406.4,401.98,399141,208706,52.29,160447186.45,10865
2026-08-26,409,419.5,407,411.15,413.76,567950,242749,42.74,234995797.45,18764
2026-08-27,412.9,418.5,407.6,413.8,414.47,479502,252566,52.67,198741169.2,19510
2026-08-28,415,417.9,402.7,403.4,407.01,293096,169258,57.75,119293776.2,12062
2026-08-31,406.5,407.7,398.8,400.75,402.92,493962,295749,59.87,199027754.3,23253
