CH_CLOSING_PRICE,CH_LAST_TRADED_PRICE,CH_OPENING_PRICE,CH_PREVIOUS_CLS_PRICE,CH_SERIES,CH_SYMBOL,CH_TIMESTAMP,CH_TOTAL_TRADES,CH_TOT_TRADED_QTY,CH_TOT_TRADED_VAL,CH_TRADE_HIGH_PRICE,CH_TRADE_LOW_PRICE,COP_DELIV_PERC,COP_DELIV_QTY,VWAP,mTIMESTAMP
4087.65,4097,4193.7,4143.7,EQ,SUNDARMFIN,2024-12-31T18:30:00.000Z,8836,35109,144579222.75,4213.1,4066.8,48.38,16987,4118.01,01-Jan-2025
4698.9,4726,4125.65,4087.65,EQ,SUNDARMFIN,2025-01-01T18:30:00.000Z,158582,1765661,7974502172.15,4905.15,4097,5.82,102815,4516.44,02-Jan-2025
4687.2,4650.15,4670.55,4698.9,EQ,SUNDARMFIN,2025-01-02T18:30:00.000Z,125225,1116140,5271760672.75,4877.2,4600,4.39,49038,4723.21,03-Jan-2025
4455.6,4453,4663.8,4687.2,EQ,SUNDARMFIN,2025-01-05T18:30:00.000Z,28822,149459,676486475.9,4665.4,4401.15,11.67,17444,4526.23,06-Jan-2025
4466.45,4420.05,4455.6,4455.6,EQ,SUNDARMFIN,2025-01-06T18:30:00.000Z,20307,105728,474770543.9,4575,4411.6,17.97,18996,4490.49,07-Jan-2025
4370.8,4351.3,4448.25,4466.45,EQ,SUNDARMFIN,2025-01-07T18:30:00.000Z,16598,90955,399150153.1,4465.65,4325.55,45.85,41699,4388.44,08-Jan-2025
4475.95,4474.5,4378.85,4370.8,EQ,SUNDARMFIN,2025-01-08T18:30:00.000Z,203345,1636250,7643415441.45,4842,4359.05,5.55,90731,4671.3,09-Jan-2025
4580.5,4615.85,4499.6,4475.95,EQ,SUNDARMFIN,2025-01-09T18:30:00.000Z,119176,1076052,4977092854.5,4731,4475,13.61,146470,4625.33,10-Jan-2025
4458.6,4460,4580.5,4580.5,EQ,SUNDARMFIN,2025-01-12T18:30:00.000Z,32091,328219,1463774548.2,4585,4405.3,57.62,189109,4459.75,13-Jan-2025
4611.8,4620,4474.85,4458.6,EQ,SUNDARMFIN,2025-01-13T18:30:00.000Z,37187,196230,898550105.55,4714.95,4460.05,19.49,38251,4579.07,14-Jan-2025
4607.05,4590,4646.4,4611.8,EQ,SUNDARMFIN,2025-01-14T18:30:00.000Z,20331,106929,498168838.5,4706.7,4560.05,39.37,42095,4658.87,15-Jan-2025
4486.4,4482,4650,4607.05,EQ,SUNDARMFIN,2025-01-15T18:30:00.000Z,16160,83433,379868440.1,4699.95,4452.55,28.53,23803,4552.98,16-Jan-2025
4560.2,4525,4507.55,4486.4,EQ,SUNDARMFIN,2025-01-16T18:30:00.000Z,22658,106768,486960892.7,4638.85,4453.05,25.14,26839,4560.93,17-Jan-2025
4700.9,4695,4555,4560.2,EQ,SUNDARMFIN,2025-01-19T18:30:00.000Z,23666,149631,700202709.7,4747.25,4525,28.97,43345,4679.53,20-Jan-2025
4599.65,4640,4731.2,4700.9,EQ,SUNDARMFIN,2025-01-20T18:30:00.000Z,12204,58302,269936830.4,4731.5,4543.55,30.36,17699,4629.98,21-Jan-2025
4499.35,4492,4602.9,4599.65,EQ,SUNDARMFIN,2025-01-21T18:30:00.000Z,20272,81935,371434737.3,4717.5,4462.55,27.6,22615,4533.29,22-Jan-2025
4617.6,4621,4499.35,4499.35,EQ,SUNDARMFIN,2025-01-22T18:30:00.000Z,17233,69827,322955790,4705,4485.45,24.85,17351,4625.08,23-Jan-2025
4539.55,4505.05,4625.45,4617.6,EQ,SUNDARMFIN,2025-01-23T18:30:00.000Z,13365,48343,221409040.35,4686.95,4502.3,18.3,8849,4579.96,24-Jan-2025
4409.6,4392,4540,4539.55,EQ,SUNDARMFIN,2025-01-26T18:30:00.000Z,13616,51019,226120630.1,4540,4344.15,35.24,17980,4432.09,27-Jan-2025
4415.5,4416.35,4422.3,4409.6,EQ,SUNDARMFIN,2025-01-27T18:30:00.000Z,15744,61224,270711520.95,4500.2,4381.55,32.9,20144,4421.66,28-Jan-2025
4401.75,4405,4457.7,4415.5,EQ,SUNDARMFIN,2025-01-28T18:30:00.000Z,8102,47357,209245421.9,4484,4381,48.64,23034,4418.47,29-Jan-2025
4391.75,4400,4393.75,4401.75,EQ,SUNDARMFIN,2025-01-29T18:30:00.000Z,9128,36977,162686570.75,4436.55,4373.5,40.86,15107,4399.67,30-Jan-2025
4617,4581,4394.1,4391.75,EQ,SUNDARMFIN,2025-01-30T18:30:00.000Z,30742,201975,927326205.65,4680,4394.1,33.91,68480,4591.29,31-Jan-2025
4495,4521.05,4598,4617,EQ,SUNDARMFIN,2025-01-31T18:30:00.000Z,7944,37315,169014604.1,4677,4461.65,32.86,12261,4529.4,01-Feb-2025
4311.7,4326.05,4454.1,4495,EQ,SUNDARMFIN,2025-02-02T18:30:00.000Z,31239,129012,563875335.6,4551.75,4275.65,38.11,49166,4370.72,03-Feb-2025
4637.5,4606,4399.95,4311.7,EQ,SUNDARMFIN,2025-02-03T18:30:00.000Z,77752,577751,2660543103.2,4721.2,4336.65,18.11,104615,4605,04-Feb-2025
4600.3,4604,4606,4637.5,EQ,SUNDARMFIN,2025-02-04T18:30:00.000Z,31512,137343,639665948.7,4724.25,4490,37.35,51300,4657.43,05-Feb-2025
4667.25,4675,4600,4600.3,EQ,SUNDARMFIN,2025-02-05T18:30:00.000Z,17597,75333,351620127.25,4700,4578.05,29.66,22341,4667.54,06-Feb-2025
4657.85,4646.9,4681.6,4667.25,EQ,SUNDARMFIN,2025-02-06T18:30:00.000Z,14505,51091,237636476.35,4715.95,4601.15,27.51,14056,4651.24,07-Feb-2025
4516.95,4519.95,4605,4657.85,EQ,SUNDARMFIN,2025-02-09T18:30:00.000Z,14820,44535,201884272.5,4662.3,4461.5,41.88,18653,4533.16,10-Feb-2025
4351.5,4345.05,4525.15,4516.95,EQ,SUNDARMFIN,2025-02-10T18:30:00.000Z,14301,96965,426564371.95,4544.95,4300,65.84,63842,4399.16,11-Feb-2025
4471.15,4439,4345.05,4351.5,EQ,SUNDARMFIN,2025-02-11T18:30:00.000Z,31805,121605,537387251.9,4532.65,4345.05,26.74,32523,4419.12,12-Feb-2025
4498.3,4500,4459,4471.15,EQ,SUNDARMFIN,2025-02-12T18:30:00.000Z,8743,33532,150644333.65,4516.6,4444,50.5,16934,4492.55,13-Feb-2025
4565.2,4560,4501.5,4498.3,EQ,SUNDARMFIN,2025-02-13T18:30:00.000Z,19727,114161,510628519.65,4625.75,4375.2,54.67,62410,4472.88,14-Feb-2025
4560.35,4572,4473.95,4565.2,EQ,SUNDARMFIN,2025-02-16T18:30:00.000Z,19602,74166,330722669.95,4620,4373.2,29.95,22216,4459.22,17-Feb-2025
4698.7,4700,4590,4560.35,EQ,SUNDARMFIN,2025-02-17T18:30:00.000Z,26671,124493,580109003.55,4715.3,4480,21.55,26828,4659.77,18-Feb-2025
4741.3,4729,4644,4698.7,EQ,SUNDARMFIN,2025-02-18T18:30:00.000Z,14762,58757,277616277.1,4760,4636.1,35.17,20664,4724.82,19-Feb-2025
4723,4730,4741.3,4741.3,EQ,SUNDARMFIN,2025-02-19T18:30:00.000Z,10294,37484,176067094.65,4744.75,4655,38.21,14322,4697.13,20-Feb-2025
4648.15,4625,4720,4723,EQ,SUNDARMFIN,2025-02-20T18:30:00.000Z,9155,37340,174438637.1,4734.25,4621.5,40.72,15205,4671.63,21-Feb-2025
4437.1,4428,4605.9,4648.15,EQ,SUNDARMFIN,2025-02-23T18:30:00.000Z,18367,80586,361609615.75,4605.9,4405.6,47.89,38596,4487.25,24-Feb-2025
4479.6,4458,4436.65,4437.1,EQ,SUNDARMFIN,2025-02-24T18:30:00.000Z,19428,84815,376023679.1,4516.95,4365.15,46.06,39064,4433.46,25-Feb-2025
4567.95,4580,4545,4479.6,EQ,SUNDARMFIN,2025-02-26T18:30:00.000Z,28295,100605,458141099.3,4630.3,4473.55,33.76,33964,4553.86,27-Feb-2025
4537.75,4544.6,4552.05,4567.95,EQ,SUNDARMFIN,2025-02-27T18:30:00.000Z,36980,163794,738553125.15,4584.55,4411.55,52.25,85582,4509.04,28-Feb-2025
4474.15,4460,4582,4537.75,EQ,SUNDARMFIN,2025-03-02T18:30:00.000Z,15898,49690,221634867.2,4582,4380.1,37.93,18846,4460.35,03-Mar-2025
4587.05,4588.95,4454.95,4474.15,EQ,SUNDARMFIN,2025-03-03T18:30:00.000Z,20073,82124,374493549.1,4635.5,4407.4,45.46,37335,4560.1,04-Mar-2025
4535.2,4541.8,4508.05,4587.05,EQ,SUNDARMFIN,2025-03-04T18:30:00.000Z,11632,54883,250179805.4,4597.2,4508.05,51.3,28154,4558.42,05-Mar-2025
4445.8,4431,4600,4535.2,EQ,SUNDARMFIN,2025-03-05T18:30:00.000Z,12921,56250,252425514,4624.9,4402.15,42.98,24179,4487.56,06-Mar-2025
4435.7,4427.95,4480,4445.8,EQ,SUNDARMFIN,2025-03-06T18:30:00.000Z,12195,47797,212319989.4,4507.45,4401,38.02,18171,4442.12,07-Mar-2025
4404.4,4400,4430,4435.7,EQ,SUNDARMFIN,2025-03-09T18:30:00.000Z,15951,59552,264980020.05,4524.1,4347,42.77,25471,4449.56,10-Mar-2025
4482,4508,4376,4404.4,EQ,SUNDARMFIN,2025-03-10T18:30:00.000Z,11985,55520,247178685,4510,4373.15,38.2,21209,4452.07,11-Mar-2025
4658.4,4650,4509,4482,EQ,SUNDARMFIN,2025-03-11T18:30:00.000Z,38365,182032,841994358.55,4685.85,4484.2,26.59,48403,4625.53,12-Mar-2025
4627.4,4583,4650,4658.4,EQ,SUNDARMFIN,2025-03-12T18:30:00.000Z,18012,88644,412413670.65,4700,4566.95,45.96,40741,4652.47,13-Mar-2025
4746.35,4789.75,4649.7,4627.4,EQ,SUNDARMFIN,2025-03-16T18:30:00.000Z,19616,98074,463731862.6,4789.75,4600.3,41.93,41124,4728.39,17-Mar-2025
4762.7,4748,4780,4746.35,EQ,SUNDARMFIN,2025-03-17T18:30:00.000Z,14685,78703,374047111.15,4816.9,4700,43.76,34443,4752.64,18-Mar-2025
4728.95,4746.85,4800,4762.7,EQ,SUNDARMFIN,2025-03-18T18:30:00.000Z,19559,87909,419364218.2,4840,4705.55,50.15,44082,4770.44,19-Mar-2025
4850.5,4850,4799,4728.95,EQ,SUNDARMFIN,2025-03-19T18:30:00.000Z,19682,88569,427846537.1,4875.5,4735.75,52.97,46912,4830.66,20-Mar-2025
4921.65,4905.35,4818,4850.5,EQ,SUNDARMFIN,2025-03-20T18:30:00.000Z,51005,279633,1391466864.45,5072.9,4762.75,52.51,146834,4976.05,21-Mar-2025
4781.5,4777,4965,4921.65,EQ,SUNDARMFIN,2025-03-23T18:30:00.000Z,26789,109622,531593020.4,4998.4,4717,57.8,63363,4849.33,24-Mar-2025
4770.5,4763,4825,4781.5,EQ,SUNDARMFIN,2025-03-24T18:30:00.000Z,20833,70591,336484749.25,4854.75,4723.8,58.54,41322,4766.68,25-Mar-2025
4832.95,4821.15,4793.5,4770.5,EQ,SUNDARMFIN,2025-03-25T18:30:00.000Z,25125,116397,561321734.25,4885,4753.05,61.26,71305,4822.48,26-Mar-2025
4507.2,4566,4824.5,4832.95,EQ,SUNDARMFIN,2025-03-26T18:30:00.000Z,42616,312938,1432419787.6,4851.6,4470.2,54.89,171769,4577.33,27-Mar-2025
4574.45,4556,4572.1,4507.2,EQ,SUNDARMFIN,2025-03-27T18:30:00.000Z,21372,90357,414221040.15,4640,4522.35,39.67,35849,4584.27,28-Mar-2025
4513.8,4500,4612,4574.45,EQ,SUNDARMFIN,2025-03-31T18:30:00.000Z,10883,47233,213192062.65,4612,4470.05,46.1,21773,4513.63,01-Apr-2025
4481.6,4480,4493.5,4513.8,EQ,SUNDARMFIN,2025-04-01T18:30:00.000Z,20060,84435,377306862.45,4555,4420,45.34,38286,4468.61,02-Apr-2025
4506.3,4486.1,4450,4481.6,EQ,SUNDARMFIN,2025-04-02T18:30:00.000Z,10311,53311,239638391.95,4535,4449,52.32,27890,4495.1,03-Apr-2025
4578.75,4561.5,4525,4506.3,EQ,SUNDARMFIN,2025-04-03T18:30:00.000Z,16540,75497,342909293.55,4599.5,4462.25,41.23,31124,4542.03,04-Apr-2025
4514.05,4482.5,4350,4578.75,EQ,SUNDARMFIN,2025-04-06T18:30:00.000Z,15292,55281,245937695.75,4538.15,4325,43.68,24149,4448.86,07-Apr-2025
4689.9,4672.05,4529.85,4514.05,EQ,SUNDARMFIN,2025-04-07T18:30:00.000Z,17322,81196,376402692.15,4725,4506,47.34,38437,4635.73,08-Apr-2025
4753.35,4729,4638.6,4689.9,EQ,SUNDARMFIN,2025-04-08T18:30:00.000Z,25378,99747,472444535.15,4773.8,4636.1,51.37,51238,4736.43,09-Apr-2025
4645.75,4635,4800,4753.35,EQ,SUNDARMFIN,2025-04-10T18:30:00.000Z,16919,88884,416752972.05,4811.5,4601.1,52.31,46497,4688.73,11-Apr-2025
4948.8,4940,4860,4645.75,EQ,SUNDARMFIN,2025-04-14T18:30:00.000Z,26868,133024,650790130,4984.3,4760.1,49.54,65901,4892.28,15-Apr-2025
5179.3,5190,4965,4948.8,EQ,SUNDARMFIN,2025-04-15T18:30:00.000Z,33510,205385,1047598759.9,5224.9,4953.6,44.13,90644,5100.66,16-Apr-2025
5243.5,5243,5177,5179.3,EQ,SUNDARMFIN,2025-04-16T18:30:00.000Z,25115,124432,652584684.9,5313.6,5130.6,41.69,51874,5244.51,17-Apr-2025
5211.5,5201,5251,5243.5,EQ,SUNDARMFIN,2025-04-20T18:30:00.000Z,12598,58906,309513318.7,5325,5173.9,44.68,26321,5254.36,21-Apr-2025
5340.4,5311.5,5206.1,5211.5,EQ,SUNDARMFIN,2025-04-21T18:30:00.000Z,18209,81135,429510927.9,5383.2,5205.2,39.8,32295,5293.78,22-Apr-2025
5296.4,5220,5330.1,5340.4,EQ,SUNDARMFIN,2025-04-22T18:30:00.000Z,12156,63924,338114299.3,5350,5084.5,49.1,31388,5289.32,23-Apr-2025
5277.6,5290,5201,5296.4,EQ,SUNDARMFIN,2025-04-23T18:30:00.000Z,19637,77518,406859437.3,5350,5167.5,55.37,42920,5248.58,24-Apr-2025
5277,5275,5300,5277.6,EQ,SUNDARMFIN,2025-04-24T18:30:00.000Z,11618,70501,372673678.9,5375,5218.3,53.13,37456,5286.08,25-Apr-2025
5263.1,5258.7,5277,5277,EQ,SUNDARMFIN,2025-04-27T18:30:00.000Z,15391,62398,329362152.5,5363.9,5205,51.93,32402,5278.41,28-Apr-2025
5214.8,5297,5300,5263.1,EQ,SUNDARMFIN,2025-04-28T18:30:00.000Z,18548,84947,442093706.6,5300,5125,50.71,43080,5204.35,29-Apr-2025
5256.6,5220,5230,5214.8,EQ,SUNDARMFIN,2025-04-29T18:30:00.000Z,23390,104895,551370798.8,5330,5125,47.14,49445,5256.41,30-Apr-2025
5199,5200,5250,5256.6,EQ,SUNDARMFIN,2025-05-01T18:30:00.000Z,21145,67595,351969189,5260,5159,54.73,36993,5207.03,02-May-2025
5099.5,5100,5188.5,5199,EQ,SUNDARMFIN,2025-05-04T18:30:00.000Z,13093,56288,287623418.5,5195.5,5066.5,49.27,27731,5109.85,05-May-2025
5115,5120,5075,5099.5,EQ,SUNDARMFIN,2025-05-05T18:30:00.000Z,14320,47575,243368043.5,5197.5,5037,47.19,22453,5115.46,06-May-2025
5268,5320.5,5028,5115,EQ,SUNDARMFIN,2025-05-06T18:30:00.000Z,32449,135405,711855630.5,5344.5,4999.5,46.37,62781,5257.23,07-May-2025
4985.5,4942.5,5329.5,5268,EQ,SUNDARMFIN,2025-05-07T18:30:00.000Z,21849,88403,446929642,5329.5,4934,52.13,46086,5055.59,08-May-2025
5007,4995,4869.5,4985.5,EQ,SUNDARMFIN,2025-05-08T18:30:00.000Z,22013,81832,404727640.5,5096,4792.5,37.93,31038,4945.84,09-May-2025
5078.5,5084,5109.5,5007,EQ,SUNDARMFIN,2025-05-11T18:30:00.000Z,7899,37538,189830576.5,5162.5,4976,41.85,15708,5057.02,12-May-2025
5001,5015,5065,5078.5,EQ,SUNDARMFIN,2025-05-12T18:30:00.000Z,8688,40597,203380297.5,5084,4980,53.32,21647,5009.74,13-May-2025
5211,5220,5060,5001,EQ,SUNDARMFIN,2025-05-13T18:30:00.000Z,12220,62967,324968134,5239,5004,50.19,31603,5160.93,14-May-2025
5080.5,5078,5162,5211,EQ,SUNDARMFIN,2025-05-14T18:30:00.000Z,12173,45257,231440344.5,5185,5052,43.69,19771,5113.91,15-May-2025
5094.5,5094.5,5105.5,5080.5,EQ,SUNDARMFIN,2025-05-15T18:30:00.000Z,10789,36032,182581613.5,5129,5028,41.65,15006,5067.21,16-May-2025
5094,5105,5075.5,5094.5,EQ,SUNDARMFIN,2025-05-18T18:30:00.000Z,7554,25499,130044256,5147.5,5065,44.35,11308,5099.97,19-May-2025
5099.5,5084,5134,5094,EQ,SUNDARMFIN,2025-05-19T18:30:00.000Z,9230,77325,393961699,5147,5028,67.64,52302,5094.88,20-May-2025
5169,5172,5090,5099.5,EQ,SUNDARMFIN,2025-05-20T18:30:00.000Z,7869,38867,200658097,5199.5,5076.5,58,22541,5162.69,21-May-2025
5123.5,5115,5150.5,5169,EQ,SUNDARMFIN,2025-05-21T18:30:00.000Z,9045,44861,230160677,5194,5067,60.5,27139,5130.53,22-May-2025
5276.5,5285,5112,5123.5,EQ,SUNDARMFIN,2025-05-22T18:30:00.000Z,14299,62888,328787903,5305,5103.5,54.68,34386,5228.15,23-May-2025
5351,5359,5340,5276.5,EQ,SUNDARMFIN,2025-05-25T18:30:00.000Z,41978,216100,1146040180.5,5419,5112.5,21.46,46384,5303.29,26-May-2025
5182.5,5170,5381,5351,EQ,SUNDARMFIN,2025-05-26T18:30:00.000Z,23072,98139,512748702,5393,5150,46.27,45406,5224.72,27-May-2025
4980,4945,5181,5182.5,EQ,SUNDARMFIN,2025-05-27T18:30:00.000Z,21107,94067,475582998,5187,4924.5,57.19,53798,5055.79,28-May-2025
5099,5082.5,4968,4980,EQ,SUNDARMFIN,2025-05-28T18:30:00.000Z,18960,96293,487579316,5109,4958.5,65.93,63485,5063.5,29-May-2025
5136.5,5125,5100,5099,EQ,SUNDARMFIN,2025-05-29T18:30:00.000Z,28634,219865,1124939522.5,5210,5032.5,67.43,148264,5116.5,30-May-2025
5183,5168,5126,5136.5,EQ,SUNDARMFIN,2025-06-01T18:30:00.000Z,12520,46556,239935718.5,5199.5,5056.5,66.62,31015,5153.7,02-Jun-2025
4996,4990,5183,5183,EQ,SUNDARMFIN,2025-06-02T18:30:00.000Z,13498,61988,312677769,5183,4971.5,54.21,33603,5044.17,03-Jun-2025
5065,5046.5,5000.5,4996,EQ,SUNDARMFIN,2025-06-03T18:30:00.000Z,16390,68959,348756407.5,5118,4950,46.72,32218,5057.45,04-Jun-2025
5000.5,5008.5,5033,5065,EQ,SUNDARMFIN,2025-06-04T18:30:00.000Z,9221,49708,249410202.5,5100,4950,48.03,23875,5017.51,05-Jun-2025
5069,5070,5000.5,5000.5,EQ,SUNDARMFIN,2025-06-05T18:30:00.000Z,15278,78481,395802971,5093.5,4968.5,64.42,50556,5043.3,06-Jun-2025
5099,5100,5099,5069,EQ,SUNDARMFIN,2025-06-08T18:30:00.000Z,15604,44619,227887416.5,5143.5,5079,52.44,23399,5107.41,09-Jun-2025
5056.5,5046.5,5121,5099,EQ,SUNDARMFIN,2025-06-09T18:30:00.000Z,11677,43696,221593556,5160,5040.5,54.83,23957,5071.25,10-Jun-2025
5042,5031.5,5079,5056.5,EQ,SUNDARMFIN,2025-06-10T18:30:00.000Z,9531,32294,163484921,5105,5010.5,52.99,17112,5062.39,11-Jun-2025
5021,5011,5049,5042,EQ,SUNDARMFIN,2025-06-11T18:30:00.000Z,13233,42901,215945840,5072,5004,56.81,24371,5033.59,12-Jun-2025
5022.5,5015,5000,5021,EQ,SUNDARMFIN,2025-06-12T18:30:00.000Z,11830,44575,223593132.5,5035,4972.5,60.71,27063,5016.11,13-Jun-2025
4993,4989,5001,5022.5,EQ,SUNDARMFIN,2025-06-15T18:30:00.000Z,17317,52484,261920104,5040,4923,50.88,26705,4990.48,16-Jun-2025
4908.5,4895,5029,4993,EQ,SUNDARMFIN,2025-06-16T18:30:00.000Z,18679,64617,319177491,5047.5,4873,54.93,35494,4939.53,17-Jun-2025
4790,4775,4914,4908.5,EQ,SUNDARMFIN,2025-06-17T18:30:00.000Z,18266,72279,348546608,4935,4770,61.28,44290,4822.24,18-Jun-2025
4741,4730,4799,4790,EQ,SUNDARMFIN,2025-06-18T18:30:00.000Z,23148,73510,350051184.5,4816,4705,56.48,41521,4761.95,19-Jun-2025
4819.5,4885,4730,4741,EQ,SUNDARMFIN,2025-06-19T18:30:00.000Z,38686,293164,1409942658,4902,4702,64.93,190354,4809.4,20-Jun-2025
4895,4875,4815,4819.5,EQ,SUNDARMFIN,2025-06-22T18:30:00.000Z,14894,51101,248767222,4909,4778.5,53.99,27587,4868.15,23-Jun-2025
4900.5,4896.5,4900,4895,EQ,SUNDARMFIN,2025-06-23T18:30:00.000Z,11065,48158,236008375,4941.5,4858.5,54.9,26437,4900.71,24-Jun-2025
4928.5,4910.5,4925,4900.5,EQ,SUNDARMFIN,2025-06-24T18:30:00.000Z,20644,79674,391746418.5,4955,4880.5,59.23,47189,4916.87,25-Jun-2025
4867,4869.5,4895,4928.5,EQ,SUNDARMFIN,2025-06-25T18:30:00.000Z,17046,78323,381255409.5,4930.5,4829,67.79,53093,4867.73,26-Jun-2025
5048.5,4999.5,4872.5,4867,EQ,SUNDARMFIN,2025-06-26T18:30:00.000Z,53872,336049,1692887407,5099.5,4851,71.63,240722,5037.62,27-Jun-2025
5173.5,5171,5040,5048.5,EQ,SUNDARMFIN,2025-06-29T18:30:00.000Z,30902,255283,1290762944,5193,4964,79.6,203211,5056.2,30-Jun-2025
5155.5,5130,5193,5173.5,EQ,SUNDARMFIN,2025-06-30T18:30:00.000Z,12677,148643,762105755.5,5240,5079.5,77.52,115228,5127.09,01-Jul-2025
5057.5,5072.5,5130,5155.5,EQ,SUNDARMFIN,2025-07-01T18:30:00.000Z,13857,46686,236698961,5133,5016,49.21,22973,5070.02,02-Jul-2025
5140,5134,5050,5057.5,EQ,SUNDARMFIN,2025-07-02T18:30:00.000Z,12487,56400,290009199,5190,5050,51.05,28795,5142.01,03-Jul-2025
5168,5168,5165,5140,EQ,SUNDARMFIN,2025-07-03T18:30:00.000Z,5945,22233,114839487.5,5190,5123,49.24,10947,5165.27,04-Jul-2025
5166.5,5150,5125.5,5168,EQ,SUNDARMFIN,2025-07-06T18:30:00.000Z,6624,26671,137431808.5,5197,5100.5,38.06,10152,5152.86,07-Jul-2025
5175.5,5177,5130,5166.5,EQ,SUNDARMFIN,2025-07-07T18:30:00.000Z,7195,27645,142579031.5,5190,5103,52.42,14492,5157.5,08-Jul-2025
5031,5024,5130.5,5175.5,EQ,SUNDARMFIN,2025-07-08T18:30:00.000Z,15189,66687,337300925.5,5161,5002,61.41,40950,5057.97,09-Jul-2025
5077.5,5075,5039,5031,EQ,SUNDARMFIN,2025-07-09T18:30:00.000Z,16809,69372,350084414.5,5106,4975,67.1,46551,5046.48,10-Jul-2025
4991,4966.5,5062,5077.5,EQ,SUNDARMFIN,2025-07-10T18:30:00.000Z,13888,67095,334191348.5,5079,4933.5,52.42,35170,4980.87,11-Jul-2025
5046,5032.5,4975,4991,EQ,SUNDARMFIN,2025-07-13T18:30:00.000Z,12568,50966,256731036,5084,4975,58.65,29892,5037.3,14-Jul-2025
5075,5094,5046,5046,EQ,SUNDARMFIN,2025-07-14T18:30:00.000Z,10547,46741,236451460,5094,5023,57.8,27017,5058.76,15-Jul-2025
5038.5,5034,5050,5075,EQ,SUNDARMFIN,2025-07-15T18:30:00.000Z,17821,111907,567084076,5145,5002.5,72.81,81484,5067.46,16-Jul-2025
5133.5,5135,5058,5038.5,EQ,SUNDARMFIN,2025-07-16T18:30:00.000Z,9087,40165,204750696,5140,5028,56.83,22825,5097.74,17-Jul-2025
5166.5,5175,5159,5133.5,EQ,SUNDARMFIN,2025-07-17T18:30:00.000Z,12139,63983,330233765.5,5201,5101.5,65.31,41790,5161.27,18-Jul-2025
5227,5206.5,5166.5,5166.5,EQ,SUNDARMFIN,2025-07-20T18:30:00.000Z,11117,56054,292008964,5240,5150,66.58,37318,5209.42,21-Jul-2025
5186.5,5179,5227,5227,EQ,SUNDARMFIN,2025-07-21T18:30:00.000Z,6380,21946,113872610,5231.5,5163,65.86,14453,5188.76,22-Jul-2025
5187,5188,5196,5186.5,EQ,SUNDARMFIN,2025-07-22T18:30:00.000Z,7023,31801,164905296,5229,5145,66.64,21191,5185.54,23-Jul-2025
5131.5,5112,5187,5187,EQ,SUNDARMFIN,2025-07-23T18:30:00.000Z,7104,25016,128282067.5,5201.5,5087.5,59.9,14984,5128,24-Jul-2025
5009,4963,5101,5131.5,EQ,SUNDARMFIN,2025-07-24T18:30:00.000Z,10112,33298,167382845,5102,4905,63.54,21157,5026.81,25-Jul-2025
4899.5,4892.5,4958.5,5009,EQ,SUNDARMFIN,2025-07-27T18:30:00.000Z,8452,26194,128889088,5038,4860,57.5,15062,4920.56,28-Jul-2025
4745.5,4750,4929,4899.5,EQ,SUNDARMFIN,2025-07-28T18:30:00.000Z,17779,81761,389257162,4929,4711,60.03,49083,4760.91,29-Jul-2025
4744,4736,4716,4745.5,EQ,SUNDARMFIN,2025-07-29T18:30:00.000Z,8446,33705,159764760,4805,4709.5,57.87,19505,4740.09,30-Jul-2025
4675,4645,4728,4744,EQ,SUNDARMFIN,2025-07-30T18:30:00.000Z,28183,113325,528609399,4750,4597.5,56.53,64058,4664.54,31-Jul-2025
4568.5,4569,4710,4675,EQ,SUNDARMFIN,2025-07-31T18:30:00.000Z,12432,58832,270233754.6,4710,4545,66.76,39277,4593.31,01-Aug-2025
4459.2,4460,4550,4568.5,EQ,SUNDARMFIN,2025-08-03T18:30:00.000Z,19141,94087,421347256.8,4594,4444.5,65.58,61703,4478.27,04-Aug-2025
4646.1,4650,4431.5,4459.2,EQ,SUNDARMFIN,2025-08-04T18:30:00.000Z,23988,105531,484054840.6,4670,4431.5,44.61,47075,4586.85,05-Aug-2025
4491.9,4520.1,4650.9,4646.1,EQ,SUNDARMFIN,2025-08-05T18:30:00.000Z,15389,79167,357740447.9,4675.5,4456.1,63.33,50134,4518.81,06-Aug-2025
4652,4652.1,4492,4491.9,EQ,SUNDARMFIN,2025-08-06T18:30:00.000Z,19610,74411,343910395.7,4679,4492,48.3,35939,4621.77,07-Aug-2025
4502.8,4505,4612.1,4652,EQ,SUNDARMFIN,2025-08-07T18:30:00.000Z,7448,30441,137827022,4632,4494.6,53.76,16365,4527.68,08-Aug-2025
4511.2,4515,4505,4502.8,EQ,SUNDARMFIN,2025-08-10T18:30:00.000Z,9468,27613,125805393.8,4609,4467,40.41,11158,4556.02,11-Aug-2025
4500.2,4510,4515,4511.2,EQ,SUNDARMFIN,2025-08-11T18:30:00.000Z,5190,22737,102400243.5,4549.8,4475.6,60.61,13782,4503.68,12-Aug-2025
4475.6,4483,4539.5,4500.2,EQ,SUNDARMFIN,2025-08-12T18:30:00.000Z,9223,38437,173039997,4584.9,4452,50.7,19489,4501.91,13-Aug-2025
4534.7,4530,4499.9,4475.6,EQ,SUNDARMFIN,2025-08-13T18:30:00.000Z,7861,31446,142614921.9,4568.9,4499.9,51.93,16331,4535.23,14-Aug-2025
4783.4,4780,4645,4534.7,EQ,SUNDARMFIN,2025-08-17T18:30:00.000Z,33495,225612,1076092611.5,4824,4529.9,66.65,150371,4769.66,18-Aug-2025
4935.9,4945,4783.6,4783.4,EQ,SUNDARMFIN,2025-08-18T18:30:00.000Z,19531,120585,589462317,4950,4775.6,64.86,78211,4888.36,19-Aug-2025
5126.1,5175.9,4965.9,4935.9,EQ,SUNDARMFIN,2025-08-19T18:30:00.000Z,10550,85634,432053938.6,5225,4900.1,64.28,55042,5045.36,20-Aug-2025
5216.4,5209,5146.1,5126.1,EQ,SUNDARMFIN,2025-08-20T18:30:00.000Z,9695,82883,430269723.1,5224,5102.6,59.48,49296,5191.29,21-Aug-2025
5268.4,5264,5235,5216.4,EQ,SUNDARMFIN,2025-08-21T18:30:00.000Z,21361,89827,473094427.6,5300,5166,64.89,58290,5266.73,22-Aug-2025
4970.5,4949,5268.4,5268.4,EQ,SUNDARMFIN,2025-08-24T18:30:00.000Z,15361,87309,440287952.3,5268.4,4947,42.41,37024,5042.87,25-Aug-2025
4878.9,4790,4939.5,4970.5,EQ,SUNDARMFIN,2025-08-25T18:30:00.000Z,45361,845752,4144906527.5,5113.7,4762.8,67.44,570383,4900.85,26-Aug-2025
4625.4,4643,4805.1,4878.9,EQ,SUNDARMFIN,2025-08-27T18:30:00.000Z,28888,187753,875755554.3,4851.4,4605,47.22,88664,4664.4,28-Aug-2025
4493.7,4492.8,4626,4625.4,EQ,SUNDARMFIN,2025-08-28T18:30:00.000Z,18348,105456,478085345.2,4635,4475,40.99,43229,4533.51,29-Aug-2025
4448.8,4449,4509.2,4493.7,EQ,SUNDARMFIN,2025-08-31T18:30:00.000Z,13043,83857,373549042.6,4513.3,4435,52.86,44328,4454.6,01-Sep-2025
4305.3,4320,4470,4448.8,EQ,SUNDARMFIN,2025-09-01T18:30:00.000Z,23428,164698,717129913.7,4494,4246.5,65.56,107981,4354.21,02-Sep-2025
4478.5,4490,4329.9,4305.3,EQ,SUNDARMFIN,2025-09-02T18:30:00.000Z,20886,115047,510641994.5,4490,4329.9,41.18,47381,4438.55,03-Sep-2025
4495.6,4498,4500,4478.5,EQ,SUNDARMFIN,2025-09-03T18:30:00.000Z,15443,71395,320538321,4534.5,4430.9,55.85,39876,4489.65,04-Sep-2025
4537.5,4510,4532.5,4495.6,EQ,SUNDARMFIN,2025-09-04T18:30:00.000Z,17815,68960,310456269.2,4552,4450.5,56.5,38960,4501.98,05-Sep-2025
4477,4482,4538,4537.5,EQ,SUNDARMFIN,2025-09-07T18:30:00.000Z,9095,51329,229847593.3,4554.2,4453.7,62.22,31937,4477.93,08-Sep-2025
4569,4543.4,4461,4477,EQ,SUNDARMFIN,2025-09-08T18:30:00.000Z,9070,45404,205846988.4,4589,4451.8,54.05,24540,4533.68,09-Sep-2025
4561,4554.1,4569,4569,EQ,SUNDARMFIN,2025-09-09T18:30:00.000Z,12925,58569,268128185.9,4645,4536,55.83,32699,4577.99,10-Sep-2025
4493.5,4500,4545,4561,EQ,SUNDARMFIN,2025-09-10T18:30:00.000Z,11161,52048,234724858.9,4579.9,4475.7,56.1,29200,4509.78,11-Sep-2025
4472.3,4474.9,4508.9,4493.5,EQ,SUNDARMFIN,2025-09-11T18:30:00.000Z,9029,44456,199714203.9,4523.1,4466,59.83,26596,4492.4,12-Sep-2025
4432.9,4424.4,4475,4472.3,EQ,SUNDARMFIN,2025-09-14T18:30:00.000Z,20920,115247,508935137.5,4502.5,4352,58.9,67880,4416.04,15-Sep-2025
4574.1,4580.1,4431,4432.9,EQ,SUNDARMFIN,2025-09-15T18:30:00.000Z,21700,83511,379647020.5,4609.8,4431,64.05,53489,4546.07,16-Sep-2025
4633.9,4630,4574.1,4574.1,EQ,SUNDARMFIN,2025-09-16T18:30:00.000Z,11049,50547,234164164.4,4668.7,4570,50.65,25604,4632.6,17-Sep-2025
4586.6,4590,4634.9,4633.9,EQ,SUNDARMFIN,2025-09-17T18:30:00.000Z,9867,48846,224337989.1,4635,4570,62.05,30309,4592.76,18-Sep-2025
4576.9,4570,4600,4586.6,EQ,SUNDARMFIN,2025-09-18T18:30:00.000Z,27901,170807,781299033.3,4635,4490.5,62.82,107299,4574.16,19-Sep-2025
4664.8,4663,4576.9,4576.9,EQ,SUNDARMFIN,2025-09-21T18:30:00.000Z,10852,45437,210616666.7,4674.8,4530,48.62,22091,4635.36,22-Sep-2025
4614,4642,4669,4664.8,EQ,SUNDARMFIN,2025-09-22T18:30:00.000Z,10669,71146,330578900.7,4738.5,4531.2,47.2,33581,4646.49,23-Sep-2025
4644.7,4645,4623.5,4614,EQ,SUNDARMFIN,2025-09-23T18:30:00.000Z,9775,47774,222011455.2,4685,4580.9,71.57,34190,4647.12,24-Sep-2025
4589.7,4595.4,4644.7,4644.7,EQ,SUNDARMFIN,2025-09-24T18:30:00.000Z,7927,25099,115790479.2,4670,4572.8,57.03,14313,4613.35,25-Sep-2025
4485.5,4485,4589.7,4589.7,EQ,SUNDARMFIN,2025-09-25T18:30:00.000Z,6432,25816,116757998.7,4617.9,4469.8,45.44,11732,4522.7,26-Sep-2025
4265.6,4274.9,4485,4485.5,EQ,SUNDARMFIN,2025-09-28T18:30:00.000Z,34105,187422,805740123.1,4499,4216.4,67.65,126785,4299.07,29-Sep-2025
4411.5,4230,4278.4,4265.6,EQ,SUNDARMFIN,2025-09-29T18:30:00.000Z,31330,154784,683290092.4,4489.5,4200,26.69,41311,4414.47,30-Sep-2025
4385.2,4398,4301,4411.5,EQ,SUNDARMFIN,2025-09-30T18:30:00.000Z,20937,65346,285325033.5,4411.9,4301,50.55,33032,4366.37,01-Oct-2025
4412.4,4419,4424.1,4385.2,EQ,SUNDARMFIN,2025-10-02T18:30:00.000Z,13595,67610,298574998.5,4469.9,4360.7,54.76,37021,4416.14,03-Oct-2025
4486.6,4489.6,4426,4412.4,EQ,SUNDARMFIN,2025-10-05T18:30:00.000Z,8079,34595,153991166.5,4499,4369.8,54.98,19022,4451.25,06-Oct-2025
4426.6,4415,4489.6,4486.6,EQ,SUNDARMFIN,2025-10-06T18:30:00.000Z,9003,31772,141090338.4,4503.1,4407.1,54.05,17172,4440.71,07-Oct-2025
4373.5,4372,4428.2,4426.6,EQ,SUNDARMFIN,2025-10-07T18:30:00.000Z,9319,43711,191606993.2,4446,4351.1,62.92,27502,4383.5,08-Oct-2025
4398,4400,4407.3,4373.5,EQ,SUNDARMFIN,2025-10-08T18:30:00.000Z,7575,29643,129637157.3,4417.3,4330.1,48.17,14279,4373.28,09-Oct-2025
4409.5,4395,4380,4398,EQ,SUNDARMFIN,2025-10-09T18:30:00.000Z,6901,23280,102650483.6,4437,4370.6,46.8,10896,4409.39,10-Oct-2025
4429.8,4411,4395,4409.5,EQ,SUNDARMFIN,2025-10-12T18:30:00.000Z,7563,36664,162460799.2,4460,4376.7,52.14,19118,4431.07,13-Oct-2025
4425.9,4420.5,4429.8,4429.8,EQ,SUNDARMFIN,2025-10-13T18:30:00.000Z,9769,44383,198232539.5,4525.4,4382.4,48.51,21531,4466.41,14-Oct-2025
4516.9,4545,4450,4425.9,EQ,SUNDARMFIN,2025-10-14T18:30:00.000Z,8537,49948,224974324.6,4550,4430,61.91,30925,4504.17,15-Oct-2025
4490.6,4504.7,4548,4516.9,EQ,SUNDARMFIN,2025-10-15T18:30:00.000Z,11015,37264,167404756.1,4548,4460.3,60.05,22377,4492.4,16-Oct-2025
4488.2,4452.5,4492.5,4490.6,EQ,SUNDARMFIN,2025-10-16T18:30:00.000Z,6142,28705,128971748.1,4510,4452.5,60.61,17397,4493.01,17-Oct-2025
4521.6,4539.9,4470,4488.2,EQ,SUNDARMFIN,2025-10-19T18:30:00.000Z,9852,45563,204266428.3,4551.5,4425,43.57,19850,4483.16,20-Oct-2025
4546.7,4545.1,4560,4521.6,EQ,SUNDARMFIN,2025-10-20T18:30:00.000Z,1033,6466,29374029.1,4566.5,4513,65.56,4239,4542.84,21-Oct-2025
4609.4,4603.1,4547,4546.7,EQ,SUNDARMFIN,2025-10-22T18:30:00.000Z,9991,45863,211202767.3,4638,4520,65.76,30159,4605.08,23-Oct-2025
4647,4630,4610,4609.4,EQ,SUNDARMFIN,2025-10-23T18:30:00.000Z,7682,54707,253674022.2,4669.9,4600.5,76.72,41970,4636.96,24-Oct-2025
4684.2,4651,4631,4647,EQ,SUNDARMFIN,2025-10-26T18:30:00.000Z,12342,52027,242997682.8,4709,4612.5,65.08,33861,4670.61,27-Oct-2025
4687.3,4685,4669.5,4684.2,EQ,SUNDARMFIN,2025-10-27T18:30:00.000Z,15122,53140,249958322.9,4734.2,4665,66.65,35420,4703.77,28-Oct-2025
4640.5,4640,4683.6,4687.3,EQ,SUNDARMFIN,2025-10-28T18:30:00.000Z,9458,27920,129534927.3,4696.9,4609.4,60.47,16884,4639.5,29-Oct-2025
4575.8,4565,4640.5,4640.5,EQ,SUNDARMFIN,2025-10-29T18:30:00.000Z,13786,41554,190606060.2,4640.5,4551,57.59,23932,4586.95,30-Oct-2025
4594.5,4550,4608,4575.8,EQ,SUNDARMFIN,2025-10-30T18:30:00.000Z,10795,38682,177729817.6,4610,4533,71.2,27540,4594.64,31-Oct-2025
4684.9,4691,4577.3,4594.5,EQ,SUNDARMFIN,2025-11-02T18:30:00.000Z,25258,87991,411166067.2,4742.4,4550,37.22,32754,4672.82,03-Nov-2025
4775.4,4765,4710,4684.9,EQ,SUNDARMFIN,2025-11-03T18:30:00.000Z,16049,70019,334458021.4,4844.2,4706.2,46.32,32435,4776.68,04-Nov-2025
4858.4,4850.6,4770,4775.4,EQ,SUNDARMFIN,2025-11-05T18:30:00.000Z,14779,82644,398440827.6,4890.5,4734,62.5,51651,4821.17,06-Nov-2025
4808,4796.7,4875,4858.4,EQ,SUNDARMFIN,2025-11-06T18:30:00.000Z,8962,30490,146946229.7,4875,4770,46.75,14255,4819.49,07-Nov-2025
4800.6,4802.9,4809.9,4808,EQ,SUNDARMFIN,2025-11-09T18:30:00.000Z,6729,25564,122822409,4843.5,4784.8,67.68,17302,4804.51,10-Nov-2025
4784.2,4778.1,4828.5,4800.6,EQ,SUNDARMFIN,2025-11-10T18:30:00.000Z,7346,28391,136210039.4,4829.9,4762,62.94,17869,4797.65,11-Nov-2025
4710.3,4693.4,4734,4784.2,EQ,SUNDARMFIN,2025-11-11T18:30:00.000Z,17709,79366,371096727.1,4763.9,4581,36.07,28625,4675.76,12-Nov-2025
4748,4740,4710.3,4710.3,EQ,SUNDARMFIN,2025-11-12T18:30:00.000Z,11911,46077,219325310.3,4825,4703.5,50.91,23456,4759.97,13-Nov-2025
4721,4713.1,4755,4748,EQ,SUNDARMFIN,2025-11-13T18:30:00.000Z,5410,25850,122584534,4814,4700,54.31,14038,4742.15,14-Nov-2025
4771,4749,4767.9,4721,EQ,SUNDARMFIN,2025-11-16T18:30:00.000Z,8858,40141,191747186.2,4821.7,4725.1,57.28,22994,4776.84,17-Nov-2025
4653.1,4650,4741.4,4771,EQ,SUNDARMFIN,2025-11-17T18:30:00.000Z,13658,72042,333778286.5,4763.2,4580.8,54.24,39073,4633.11,18-Nov-2025
4713.6,4702,4648,4653.1,EQ,SUNDARMFIN,2025-11-18T18:30:00.000Z,10443,49886,233077674.9,4720,4604.9,55.8,27836,4672.21,19-Nov-2025
4661.5,4654,4726,4713.6,EQ,SUNDARMFIN,2025-11-19T18:30:00.000Z,9228,30990,145296168,4750,4648.9,65.44,20281,4688.49,20-Nov-2025
4703.2,4700,4662,4661.5,EQ,SUNDARMFIN,2025-11-20T18:30:00.000Z,9749,39697,186717485.6,4748.9,4652.3,60.83,24146,4703.57,21-Nov-2025
4734.3,4725,4694,4703.2,EQ,SUNDARMFIN,2025-11-23T18:30:00.000Z,25670,235167,1112239206.4,4803,4671.7,74.22,174543,4729.57,24-Nov-2025
4764.1,4733,4730,4734.3,EQ,SUNDARMFIN,2025-11-24T18:30:00.000Z,7306,36682,174316950.6,4781,4690,60.38,22150,4752.11,25-Nov-2025
4723.8,4720,4765,4764.1,EQ,SUNDARMFIN,2025-11-25T18:30:00.000Z,12902,64583,307043610.4,4810,4705,59.86,38659,4754.25,26-Nov-2025
4676.1,4668,4748.8,4723.8,EQ,SUNDARMFIN,2025-11-26T18:30:00.000Z,10400,56343,263202689.1,4748.8,4630.1,66.24,37322,4671.44,27-Nov-2025
4728.6,4720,4706,4676.1,EQ,SUNDARMFIN,2025-11-27T18:30:00.000Z,9485,50193,234573653.1,4750,4581.5,57.91,29069,4673.43,28-Nov-2025
4760.8,4750,4735,4728.6,EQ,SUNDARMFIN,2025-11-30T18:30:00.000Z,6005,30119,142807552.4,4775,4680.2,60.96,18362,4741.44,01-Dec-2025
4739.4,4710,4730,4760.8,EQ,SUNDARMFIN,2025-12-01T18:30:00.000Z,9636,49792,234768119.3,4759,4673.7,57.52,28641,4714.98,02-Dec-2025
4690.2,4690,4706.2,4739.4,EQ,SUNDARMFIN,2025-12-02T18:30:00.000Z,8358,43416,203138988.2,4730.9,4630,58.41,25361,4678.9,03-Dec-2025
4667.7,4670,4688.1,4690.2,EQ,SUNDARMFIN,2025-12-03T18:30:00.000Z,7851,44715,208902026.7,4720,4632.5,67.67,30260,4671.86,04-Dec-2025
4848.3,4833,4670,4667.7,EQ,SUNDARMFIN,2025-12-04T18:30:00.000Z,30707,171207,823046387.8,4869,4647.1,24.53,41998,4807.32,05-Dec-2025
4719.2,4770,4848.1,4848.3,EQ,SUNDARMFIN,2025-12-07T18:30:00.000Z,12222,54287,257171059.4,4848.1,4675,43.36,23538,4737.25,08-Dec-2025
4722.8,4688,4719.8,4719.2,EQ,SUNDARMFIN,2025-12-08T18:30:00.000Z,13242,68086,321020493,4777,4637.9,41.5,28255,4714.93,09-Dec-2025
4691.1,4740,4697.3,4722.8,EQ,SUNDARMFIN,2025-12-09T18:30:00.000Z,5760,16953,79555440.5,4740,4650,49.07,8319,4692.71,10-Dec-2025
4689,4680.1,4700,4691.1,EQ,SUNDARMFIN,2025-12-10T18:30:00.000Z,8842,33933,159324457.7,4745,4660.1,57.84,19628,4695.27,11-Dec-2025
4783.2,4752,4700,4689,EQ,SUNDARMFIN,2025-12-11T18:30:00.000Z,8986,43735,209395465.5,4835,4700,43.8,19156,4787.82,12-Dec-2025
4800.7,4779.3,4745,4783.2,EQ,SUNDARMFIN,2025-12-14T18:30:00.000Z,9230,40173,193005284.8,4851.9,4721,51.09,20523,4804.35,15-Dec-2025
4765.6,4732.5,4805,4800.7,EQ,SUNDARMFIN,2025-12-15T18:30:00.000Z,6015,23319,111102482.3,4817.6,4730,44.04,10270,4764.46,16-Dec-2025
4799.1,4790,4769,4765.6,EQ,SUNDARMFIN,2025-12-16T18:30:00.000Z,6540,25869,123759385.6,4819.9,4754,60.19,15571,4784.08,17-Dec-2025
4808.3,4801.1,4805,4799.1,EQ,SUNDARMFIN,2025-12-17T18:30:00.000Z,9550,36756,176361768.4,4835,4750,57.44,21111,4798.18,18-Dec-2025
4931.6,4920,4808.3,4808.3,EQ,SUNDARMFIN,2025-12-18T18:30:00.000Z,16829,82431,404821829,5000,4767.9,68.6,56546,4911.04,19-Dec-2025
4915.7,4936.6,4951.5,4931.6,EQ,SUNDARMFIN,2025-12-21T18:30:00.000Z,8975,36789,180018350.9,4961.9,4843,49.28,18129,4893.27,22-Dec-2025
5094.4,5115,4945.1,4915.7,EQ,SUNDARMFIN,2025-12-22T18:30:00.000Z,13049,68770,346920801.8,5166,4861.1,63.91,43954,5044.65,23-Dec-2025
5154.6,5135,5125.8,5094.4,EQ,SUNDARMFIN,2025-12-23T18:30:00.000Z,22095,152694,784010757.7,5195,5040.1,77.65,118566,5134.52,24-Dec-2025
5149.3,5165,5140,5154.6,EQ,SUNDARMFIN,2025-12-25T18:30:00.000Z,11174,134918,695573937.1,5180.9,5051.5,76.52,103245,5155.53,26-Dec-2025
5259.4,5230,5136,5149.3,EQ,SUNDARMFIN,2025-12-28T18:30:00.000Z,15367,129396,678279223.1,5285,5114,66.88,86546,5241.89,29-Dec-2025
5134.9,5179.9,5207,5259.4,EQ,SUNDARMFIN,2025-12-29T18:30:00.000Z,50121,354577,1834637329.1,5271,5007,60.21,213500,5174.16,30-Dec-2025
5282.8,5300.1,5160,5134.9,EQ,SUNDARMFIN,2025-12-30T18:30:00.000Z,14014,134018,708330529,5310,5160,62.39,83609,5285.34,31-Dec-2025
5321.5,5320,5310,5282.8,EQ,SUNDARMFIN,2025-12-31T18:30:00.000Z,7419,64255,340650473.5,5336,5270,69.03,44357,5301.54,01-Jan-2026
5293,5262.5,5350,5321.5,EQ,SUNDARMFIN,2026-01-01T18:30:00.000Z,8156,32811,174068405,5355,5262.5,59.14,19406,5305.18,02-Jan-2026
5363.5,5365,5299,5293,EQ,SUNDARMFIN,2026-01-04T18:30:00.000Z,15376,67044,358918117.5,5392,5236,60.7,40693,5353.47,05-Jan-2026
5295.5,5300,5369,5363.5,EQ,SUNDARMFIN,2026-01-05T18:30:00.000Z,14574,49473,262340426.5,5369,5217.5,57.13,28264,5302.7,06-Jan-2026
5313,5288,5293.5,5295.5,EQ,SUNDARMFIN,2026-01-06T18:30:00.000Z,9665,36005,191196718,5340,5271,62.82,22619,5310.28,07-Jan-2026
5252,5250,5335.5,5313,EQ,SUNDARMFIN,2026-01-07T18:30:00.000Z,7401,29989,157856822.5,5335.5,5155,50.15,15038,5263.82,08-Jan-2026
5253,5230,5240,5252,EQ,SUNDARMFIN,2026-01-08T18:30:00.000Z,13137,53963,283350646.5,5310,5168.5,60.65,32727,5250.83,09-Jan-2026
5258.5,5231,5239.5,5253,EQ,SUNDARMFIN,2026-01-11T18:30:00.000Z,9613,38041,199771634,5285,5178.5,57.8,21988,5251.48,12-Jan-2026
5164,5160,5240,5258.5,EQ,SUNDARMFIN,2026-01-12T18:30:00.000Z,8657,33845,176288211,5280,5137.5,68.36,23135,5208.69,13-Jan-2026
5051.5,5022,5175,5164,EQ,SUNDARMFIN,2026-01-13T18:30:00.000Z,14498,119675,607623004,5175,5022,79.31,94914,5077.28,14-Jan-2026
5082.5,5105,5058,5051.5,EQ,SUNDARMFIN,2026-01-15T18:30:00.000Z,28835,238838,1190154562,5128,4905.5,75.42,180122,4983.1,16-Jan-2026
5152,5140,5089,5082.5,EQ,SUNDARMFIN,2026-01-18T18:30:00.000Z,13362,72445,375487350.5,5245,5042.5,62.07,44967,5183.07,19-Jan-2026
5059,5022.5,5159,5152,EQ,SUNDARMFIN,2026-01-19T18:30:00.000Z,27776,98216,499312440,5159,5014,76.75,75380,5083.82,20-Jan-2026
5044,5010,5012.5,5059,EQ,SUNDARMFIN,2026-01-20T18:30:00.000Z,17505,77687,391491818.5,5109.5,4940.5,62.7,48709,5039.35,21-Jan-2026
5067,5080,5048,5044,EQ,SUNDARMFIN,2026-01-21T18:30:00.000Z,14106,97742,491447393,5082,4975,78.47,76703,5028.01,22-Jan-2026
5029.5,5050,5075,5067,EQ,SUNDARMFIN,2026-01-22T18:30:00.000Z,7868,52052,264001470.5,5139.5,5002,63.48,33041,5071.88,23-Jan-2026
5192,5162,5042,5029.5,EQ,SUNDARMFIN,2026-01-26T18:30:00.000Z,22127,88101,457142206.5,5240,5042,60.75,53522,5188.84,27-Jan-2026
5241.5,5250,5184,5192,EQ,SUNDARMFIN,2026-01-27T18:30:00.000Z,12382,75591,393997766.5,5285,5158,61.44,46440,5212.23,28-Jan-2026
5173.5,5186,5290,5241.5,EQ,SUNDARMFIN,2026-01-28T18:30:00.000Z,7866,35206,182989510,5290,5146,56.67,19953,5197.68,29-Jan-2026
5278,5219.5,5129.5,5173.5,EQ,SUNDARMFIN,2026-01-29T18:30:00.000Z,22929,138068,723711333,5367,5060.5,65.16,89962,5241.7,30-Jan-2026
4958,4939,5285,5278,EQ,SUNDARMFIN,2026-01-31T18:30:00.000Z,4739,19119,96842371.5,5285,4918,42.51,8128,5065.24,01-Feb-2026
5358.5,5399.5,4937,4958,EQ,SUNDARMFIN,2026-02-01T18:30:00.000Z,21886,150692,791983711.5,5400,4925.5,41.52,62573,5255.65,02-Feb-2026
5370.5,5383,5400,5358.5,EQ,SUNDARMFIN,2026-02-02T18:30:00.000Z,21373,122067,656025544.5,5450,5249,50.42,61548,5374.31,03-Feb-2026
5408,5356.5,5381,5370.5,EQ,SUNDARMFIN,2026-02-03T18:30:00.000Z,15177,71143,382634429,5439.5,5326,57.76,41089,5378.38,04-Feb-2026
5321,5321,5406,5408,EQ,SUNDARMFIN,2026-02-04T18:30:00.000Z,9774,72695,390476972.5,5406.5,5284,67.32,48935,5371.44,05-Feb-2026
5439,5450,5321,5321,EQ,SUNDARMFIN,2026-02-05T18:30:00.000Z,9902,47992,259572706,5450,5299.5,57.83,27752,5408.67,06-Feb-2026
5451,5421,5500,5439,EQ,SUNDARMFIN,2026-02-08T18:30:00.000Z,15777,106144,581716475.5,5537.5,5420,62.51,66350,5480.45,09-Feb-2026
5321,5315,5450.5,5451,EQ,SUNDARMFIN,2026-02-09T18:30:00.000Z,13324,48859,261811901,5450.5,5305.5,46.99,22959,5358.52,10-Feb-2026
5362,5372.5,5305,5321,EQ,SUNDARMFIN,2026-02-10T18:30:00.000Z,13805,50111,267197800,5377,5242,53.27,26694,5332.12,11-Feb-2026
5483.5,5550,5362,5362,EQ,SUNDARMFIN,2026-02-11T18:30:00.000Z,18603,89937,485534865,5555,5241.5,52.68,47381,5398.61,12-Feb-2026
5289.5,5290,5470,5483.5,EQ,SUNDARMFIN,2026-02-12T18:30:00.000Z,16686,59912,318148183.5,5478.5,5260.5,48.45,29029,5310.26,13-Feb-2026
5331,5328,5299,5289.5,EQ,SUNDARMFIN,2026-02-15T18:30:00.000Z,9173,36845,196864482,5410,5261.5,42.47,15647,5343.04,16-Feb-2026
5230.5,5233,5331,5331,EQ,SUNDARMFIN,2026-02-16T18:30:00.000Z,11605,38772,202933618,5331,5191,52.1,20201,5234.03,17-Feb-2026
5192.5,5198,5172,5230.5,EQ,SUNDARMFIN,2026-02-17T18:30:00.000Z,8782,33907,176104572,5240,5160,51.13,17336,5193.75,18-Feb-2026
5175,5220,5190,5192.5,EQ,SUNDARMFIN,2026-02-18T18:30:00.000Z,7833,52743,273552430.5,5230,5138,56.02,29548,5186.52,19-Feb-2026
5178,5178.5,5175,5175,EQ,SUNDARMFIN,2026-02-19T18:30:00.000Z,9703,50250,261004103.5,5275,5133,55.53,27903,5194.11,20-Feb-2026
5354.5,5325,5170,5178,EQ,SUNDARMFIN,2026-02-22T18:30:00.000Z,12340,57441,303564363,5390,5152.5,50.5,29009,5284.8,23-Feb-2026
5467,5494,5309,5354.5,EQ,SUNDARMFIN,2026-02-23T18:30:00.000Z,18631,65026,348806624,5525,5200,49.91,32457,5364.11,24-Feb-2026
5496,5553,5401,5467,EQ,SUNDARMFIN,2026-02-24T18:30:00.000Z,21580,85758,465376640.5,5555,5320,48.6,41682,5426.63,25-Feb-2026
5493.5,5450,5519,5496,EQ,SUNDARMFIN,2026-02-25T18:30:00.000Z,16583,64488,353565274,5535.5,5394,47.25,30473,5482.65,26-Feb-2026
5509.5,5495,5470.5,5493.5,EQ,SUNDARMFIN,2026-02-26T18:30:00.000Z,30569,201800,1113615534.5,5599.5,5391.5,64.24,129638,5518.41,27-Feb-2026
5301,5279,5295,5509.5,EQ,SUNDARMFIN,2026-03-01T18:30:00.000Z,20804,88451,466949646,5421.5,5160,46.23,40892,5279.19,02-Mar-2026
5440,5390,5230,5301,EQ,SUNDARMFIN,2026-03-03T18:30:00.000Z,39606,170935,930062755.5,5642,5094.5,32.28,55178,5441.03,04-Mar-2026
5581.5,5560,5411.5,5440,EQ,SUNDARMFIN,2026-03-04T18:30:00.000Z,21227,97949,540581460,5620,5372,47.72,46737,5519.01,05-Mar-2026
5356,5349.5,5568.5,5581.5,EQ,SUNDARMFIN,2026-03-05T18:30:00.000Z,14761,53270,289916902.5,5620,5320,53.33,28409,5442.4,06-Mar-2026
5413.5,5410,5241,5356,EQ,SUNDARMFIN,2026-03-08T18:30:00.000Z,19765,89328,473740159.5,5533.5,5168,45.25,40417,5303.38,09-Mar-2026
5457,5445,5436.5,5413.5,EQ,SUNDARMFIN,2026-03-09T18:30:00.000Z,18242,62867,344393621,5561,5350.5,44.34,27873,5478.13,10-Mar-2026
5324.5,5291.5,5460,5457,EQ,SUNDARMFIN,2026-03-10T18:30:00.000Z,11703,35073,187922767.5,5496.5,5285,48.17,16894,5358.05,11-Mar-2026
5347.5,5301,5251,5324.5,EQ,SUNDARMFIN,2026-03-11T18:30:00.000Z,13485,55261,293098922,5365,5160.5,49.14,27155,5303.9,12-Mar-2026
5138.5,5051.5,5347.5,5347.5,EQ,SUNDARMFIN,2026-03-12T18:30:00.000Z,12849,42323,219688615,5347.5,5051.5,49.76,21062,5190.76,13-Mar-2026
5081.5,5055.5,5052.5,5138.5,EQ,SUNDARMFIN,2026-03-15T18:30:00.000Z,19022,64194,326327064,5199,5015,50.52,32431,5083.45,16-Mar-2026
5015.5,5004.5,5094,5081.5,EQ,SUNDARMFIN,2026-03-16T18:30:00.000Z,19442,90431,450722567,5094,4906.5,52.09,47107,4984.16,17-Mar-2026
5000,4990,5005,5015.5,EQ,SUNDARMFIN,2026-03-17T18:30:00.000Z,26358,119539,592853031.5,5050,4879,47.72,57049,4959.49,18-Mar-2026
4808.5,4829.5,4950,5000,EQ,SUNDARMFIN,2026-03-18T18:30:00.000Z,16323,54147,263556583,4988.5,4771,45.67,24729,4867.43,19-Mar-2026
4678,4698.5,4826.5,4808.5,EQ,SUNDARMFIN,2026-03-19T18:30:00.000Z,34671,165943,777562675.5,4889.5,4648,56.17,93216,4685.72,20-Mar-2026
4527,4505,4615,4678,EQ,SUNDARMFIN,2026-03-22T18:30:00.000Z,19868,87263,396905915,4646,4505,50.57,44131,4548.39,23-Mar-2026
4649.5,4665,4570.5,4527,EQ,SUNDARMFIN,2026-03-23T18:30:00.000Z,14634,55428,257988814.5,4712.5,4547,39.21,21736,4654.49,24-Mar-2026
4767,4790,4678.5,4649.5,EQ,SUNDARMFIN,2026-03-24T18:30:00.000Z,10714,33899,161492999.5,4817,4632,44.22,14991,4763.95,25-Mar-2026
4581.5,4575,4767,4767,EQ,SUNDARMFIN,2026-03-26T18:30:00.000Z,23369,83768,385813273.5,4767,4521,48.98,41027,4605.74,27-Mar-2026
4375.5,4380,4500,4581.5,EQ,SUNDARMFIN,2026-03-29T18:30:00.000Z,22262,166789,733772455,4525,4317,30.38,50666,4399.41,30-Mar-2026
4593.4,4574,4485,4375.5,EQ,SUNDARMFIN,2026-03-31T18:30:00.000Z,18636,95738,435248136.8,4620.5,4413.2,52.14,49922,4546.24,01-Apr-2026
4538,4579,4511.3,4593.4,EQ,SUNDARMFIN,2026-04-01T18:30:00.000Z,15614,76163,342489436.1,4579,4387.1,53.37,40647,4496.8,02-Apr-2026
4598,4573.4,4538,4538,EQ,SUNDARMFIN,2026-04-05T18:30:00.000Z,18148,68484,312137118.6,4649.5,4460.9,42.11,28839,4557.81,06-Apr-2026
4673.4,4633,4510.5,4598,EQ,SUNDARMFIN,2026-04-06T18:30:00.000Z,14624,59239,273884382.9,4690.3,4510.5,51.16,30307,4623.38,07-Apr-2026
4900,4886.5,4751.1,4673.4,EQ,SUNDARMFIN,2026-04-07T18:30:00.000Z,20514,92630,452868219.1,4979.5,4705,54.83,50787,4889,08-Apr-2026
4895.2,4895,4910.3,4900,EQ,SUNDARMFIN,2026-04-08T18:30:00.000Z,19368,90005,439848566.4,4959.7,4780.1,52.89,47600,4886.93,09-Apr-2026
4932.5,4938,4925.8,4895.2,EQ,SUNDARMFIN,2026-04-09T18:30:00.000Z,16723,145908,717334795.7,4991.9,4851,70.84,103365,4916.35,10-Apr-2026
4803.5,4811,4850,4932.5,EQ,SUNDARMFIN,2026-04-12T18:30:00.000Z,15266,58588,281869174.7,4899.8,4775,56.39,33039,4811.04,13-Apr-2026
4914.8,4919,4900,4803.5,EQ,SUNDARMFIN,2026-04-14T18:30:00.000Z,12045,56749,276156689.9,4932.4,4802.1,42.81,24292,4866.28,15-Apr-2026
4993.3,4991.7,4926,4914.8,EQ,SUNDARMFIN,2026-04-15T18:30:00.000Z,13374,65001,324487979.5,5050,4914,43.79,28464,4992.05,16-Apr-2026
5028.8,5000,4993.3,4993.3,EQ,SUNDARMFIN,2026-04-16T18:30:00.000Z,8095,35744,179122476.1,5036,4940,58.59,20941,5011.26,17-Apr-2026
5015,4962.2,5000,5028.8,EQ,SUNDARMFIN,2026-04-19T18:30:00.000Z,8782,48047,240518926.9,5038.8,4953.9,59.07,28380,5005.91,20-Apr-2026
4974.9,4970,5014,5015,EQ,SUNDARMFIN,2026-04-20T18:30:00.000Z,8704,48437,241689725,5036.7,4942.5,55.17,26724,4989.77,21-Apr-2026
4902.1,4909.9,4956,4974.9,EQ,SUNDARMFIN,2026-04-21T18:30:00.000Z,8324,37800,185953174.5,4984.4,4883,47.78,18061,4919.4,22-Apr-2026
4864.4,4855,4891,4902.1,EQ,SUNDARMFIN,2026-04-22T18:30:00.000Z,6194,25629,124541049.1,4916.9,4811.3,45.7,11713,4859.38,23-Apr-2026
4754.9,4774,4820,4864.4,EQ,SUNDARMFIN,2026-04-23T18:30:00.000Z,8360,42686,204702443.4,4889.9,4721,50.61,21603,4795.54,24-Apr-2026
4670.1,4674,4765,4754.9,EQ,SUNDARMFIN,2026-04-26T18:30:00.000Z,15294,82517,387546882.6,4775.5,4660.1,61.25,50539,4696.57,27-Apr-2026
4574.6,4581.1,4670.1,4670.1,EQ,SUNDARMFIN,2026-04-27T18:30:00.000Z,15604,70565,325382756.3,4712.6,4555,55.83,39399,4611.11,28-Apr-2026
4631.2,4649.3,4585,4574.6,EQ,SUNDARMFIN,2026-04-28T18:30:00.000Z,10036,46245,213660512,4653,4563.6,56.09,25939,4620.19,29-Apr-2026
4534.8,4523.9,4626,4631.2,EQ,SUNDARMFIN,2026-04-29T18:30:00.000Z,16964,95500,432990567.5,4638.9,4497,56.08,53559,4533.93,30-Apr-2026
4557.7,4546.1,4589.8,4534.8,EQ,SUNDARMFIN,2026-05-03T18:30:00.000Z,15574,64969,297657082.9,4663.4,4511,49.44,32119,4581.52,04-May-2026
4593.8,4595,4548,4557.7,EQ,SUNDARMFIN,2026-05-04T18:30:00.000Z,12405,53125,242726186.3,4640,4464.6,39.24,20847,4568.96,05-May-2026
4699.7,4692.8,4648,4593.8,EQ,SUNDARMFIN,2026-05-05T18:30:00.000Z,9352,47013,220303067.2,4750,4602.5,49.59,23312,4686,06-May-2026
4739,4713,4740,4699.7,EQ,SUNDARMFIN,2026-05-06T18:30:00.000Z,8652,46128,218565172.9,4781.8,4671.3,60.33,27827,4738.23,07-May-2026
4746.4,4700.1,4738,4739,EQ,SUNDARMFIN,2026-05-07T18:30:00.000Z,9520,59526,282426629.2,4790,4693.3,55.38,32963,4744.59,08-May-2026
4709.8,4713,4747.9,4746.4,EQ,SUNDARMFIN,2026-05-10T18:30:00.000Z,11692,52941,249445394.9,4766,4651.4,59.14,31311,4711.76,11-May-2026
4599.2,4560.1,4725,4709.8,EQ,SUNDARMFIN,2026-05-11T18:30:00.000Z,12930,57548,266502645.8,4747.7,4547.3,58.83,33855,4630.96,12-May-2026
4534.3,4551,4560,4599.2,EQ,SUNDARMFIN,2026-05-12T18:30:00.000Z,9265,50495,229805426.5,4618.3,4510,55.32,27935,4551.05,13-May-2026
4628,4628,4563.5,4534.3,EQ,SUNDARMFIN,2026-05-13T18:30:00.000Z,11365,37996,176024778.7,4681.6,4534.3,52.9,20098,4632.72,14-May-2026
4608.1,4594,4625,4628,EQ,SUNDARMFIN,2026-05-14T18:30:00.000Z,6753,18202,84107767.9,4659.5,4582,50.47,9186,4620.8,15-May-2026
4658.4,4668,4575,4608.1,EQ,SUNDARMFIN,2026-05-17T18:30:00.000Z,11611,43032,198669890.5,4684.5,4500,61.04,26268,4616.79,18-May-2026
4558.6,4554,4668,4658.4,EQ,SUNDARMFIN,2026-05-18T18:30:00.000Z,14091,65407,298899288.4,4668,4525,55.67,36410,4569.84,19-May-2026
4480.6,4485,4536,4558.6,EQ,SUNDARMFIN,2026-05-19T18:30:00.000Z,12214,82753,369137136.8,4536,4431,66.22,54795,4460.71,20-May-2026
4483.4,4470,4525,4480.6,EQ,SUNDARMFIN,2026-05-20T18:30:00.000Z,4708,21206,95414179.9,4543,4466.1,47.49,10070,4499.4,21-May-2026
4493.5,4528,4485,4483.4,EQ,SUNDARMFIN,2026-05-21T18:30:00.000Z,8514,44437,198836199.9,4529.9,4425,59.52,26448,4474.56,22-May-2026
4385.2,4394,4523,4493.5,EQ,SUNDARMFIN,2026-05-24T18:30:00.000Z,21880,112023,495314760,4533.9,4363.7,56.25,63009,4421.55,25-May-2026
4312.8,4332,4429.6,4385.2,EQ,SUNDARMFIN,2026-05-25T18:30:00.000Z,19971,147704,647385719.9,4507,4302,61.18,90363,4382.99,26-May-2026
4354.6,4355,4326.5,4312.8,EQ,SUNDARMFIN,2026-05-26T18:30:00.000Z,12388,60624,262222074.6,4363.9,4272.5,52.58,31879,4325.38,27-May-2026
4188.9,4170,4392.9,4354.6,EQ,SUNDARMFIN,2026-05-28T18:30:00.000Z,37544,425370,1787451122.3,4392.9,4115,67.79,288367,4202.11,29-May-2026
4212.8,4210,4226.1,4188.9,EQ,SUNDARMFIN,2026-05-31T18:30:00.000Z,16464,88619,374914653.3,4287.5,4150,57.36,50836,4230.64,01-Jun-2026
4250.2,4245,4210,4212.8,EQ,SUNDARMFIN,2026-06-01T18:30:00.000Z,15645,97366,414386262.8,4305,4170.2,54.27,52839,4255.96,02-Jun-2026
4169.5,4180,4245,4250.2,EQ,SUNDARMFIN,2026-06-02T18:30:00.000Z,16733,83380,348271916.3,4250,4115,57.9,48276,4176.92,03-Jun-2026
4103.1,4099.9,4169.5,4169.5,EQ,SUNDARMFIN,2026-06-03T18:30:00.000Z,25528,105514,434191614.8,4218.9,4090,54.96,57986,4115.01,04-Jun-2026
4105.4,4106,4109,4103.1,EQ,SUNDARMFIN,2026-06-04T18:30:00.000Z,26064,131572,544695620.6,4200,4089.9,56.57,74427,4139.91,05-Jun-2026
4069.1,4098.8,4090,4105.4,EQ,SUNDARMFIN,2026-06-07T18:30:00.000Z,20406,80137,326609991.7,4135,4000,51.51,41279,4075.65,08-Jun-2026
4178.6,4199,4081,4069.1,EQ,SUNDARMFIN,2026-06-08T18:30:00.000Z,15771,66447,277241019.3,4199.9,4081,57.08,37929,4172.36,09-Jun-2026
4203.2,4212.4,4199,4178.6,EQ,SUNDARMFIN,2026-06-09T18:30:00.000Z,22440,188882,804445191.7,4302,4140,75.84,143248,4258.98,10-Jun-2026
4112.3,4118.2,4175,4203.2,EQ,SUNDARMFIN,2026-06-10T18:30:00.000Z,19868,90548,374113346.2,4193.9,4100,63.04,57084,4131.66,11-Jun-2026
4159,4175,4139.9,4112.3,EQ,SUNDARMFIN,2026-06-11T18:30:00.000Z,8584,66707,277203093,4215,4115,56.52,37706,4155.53,12-Jun-2026
4466.9,4499.4,4275,4159,EQ,SUNDARMFIN,2026-06-14T18:30:00.000Z,37417,255346,1139918189.8,4528.3,4251.3,29.06,74214,4464.21,15-Jun-2026
4467.7,4468,4476.9,4466.9,EQ,SUNDARMFIN,2026-06-15T18:30:00.000Z,10238,44215,197809851.1,4526.4,4432.3,49.57,21916,4473.82,16-Jun-2026
4475.5,4471.2,4467.7,4467.7,EQ,SUNDARMFIN,2026-06-16T18:30:00.000Z,14366,64683,288857232,4524.7,4412.1,61.49,39775,4465.74,17-Jun-2026
4409.6,4410.3,4456.4,4475.5,EQ,SUNDARMFIN,2026-06-17T18:30:00.000Z,13545,69459,306322880,4465,4375.3,54.92,38144,4410.13,18-Jun-2026
4475.5,4499,4400,4409.6,EQ,SUNDARMFIN,2026-06-18T18:30:00.000Z,19568,114567,512073521.9,4512,4395.2,54.33,62246,4469.64,19-Jun-2026
4539.2,4522.5,4500,4475.5,EQ,SUNDARMFIN,2026-06-21T18:30:00.000Z,9382,47309,214866951.7,4592,4497.1,54.45,25762,4541.78,22-Jun-2026
4493.7,4500,4539.2,4539.2,EQ,SUNDARMFIN,2026-06-22T18:30:00.000Z,8715,44608,202107009.4,4604.9,4455.9,53.34,23795,4530.73,23-Jun-2026
4600.3,4607,4493.7,4493.7,EQ,SUNDARMFIN,2026-06-23T18:30:00.000Z,16227,60301,276433860.3,4610,4493.7,62.7,37810,4584.23,24-Jun-2026
4627.1,4624.5,4605,4600.3,EQ,SUNDARMFIN,2026-06-24T18:30:00.000Z,18901,101340,467956988.6,4660,4530.5,61.06,61877,4617.69,25-Jun-2026
4547.5,4558.7,4627.1,4627.1,EQ,SUNDARMFIN,2026-06-28T18:30:00.000Z,44696,234673,1062968503.5,4660,4431,59.93,140651,4529.57,29-Jun-2026
4506.7,4571,4558.6,4547.5,EQ,SUNDARMFIN,2026-06-29T18:30:00.000Z,12117,83076,375395683.4,4594.9,4476.7,60.85,50552,4518.7,30-Jun-2026
4568.9,4550,4550,4506.7,EQ,SUNDARMFIN,2026-06-30T18:30:00.000Z,10358,73944,337203628.8,4598.4,4485.1,71.75,53053,4560.26,01-Jul-2026
4589.2,4568,4580.8,4568.9,EQ,SUNDARMFIN,2026-07-01T18:30:00.000Z,8413,42117,193184982.6,4616.6,4538.1,56.25,23691,4586.86,02-Jul-2026
4575.4,4599,4609,4589.2,EQ,SUNDARMFIN,2026-07-02T18:30:00.000Z,7305,32759,150534271.4,4685,4550,55.25,18100,4595.2,03-Jul-2026
4601.2,4608,4590,4575.4,EQ,SUNDARMFIN,2026-07-05T18:30:00.000Z,10077,60955,278593486.2,4610,4531,68.38,41682,4570.48,06-Jul-2026
4784,4800,4624,4601.2,EQ,SUNDARMFIN,2026-07-06T18:30:00.000Z,14664,109052,516823103.8,4810.2,4602.3,49.29,53754,4739.24,07-Jul-2026
4653.5,4658.9,4755,4784,EQ,SUNDARMFIN,2026-07-07T18:30:00.000Z,22191,129139,609761006,4800,4623.6,63.43,81919,4721.74,08-Jul-2026
4621.2,4614.8,4653.5,4653.5,EQ,SUNDARMFIN,2026-07-08T18:30:00.000Z,14545,69282,319890470.6,4694.8,4565,49.09,34013,4617.22,09-Jul-2026
4574.9,4570,4621.2,4621.2,EQ,SUNDARMFIN,2026-07-09T18:30:00.000Z,11734,147939,676341812.3,4643.1,4546.5,77.33,114407,4571.76,10-Jul-2026
4529.1,4523.4,4574.9,4574.9,EQ,SUNDARMFIN,2026-07-12T18:30:00.000Z,7978,48117,218220947.4,4599,4515,63.71,30656,4535.22,13-Jul-2026
4461.1,4456.5,4501,4529.1,EQ,SUNDARMFIN,2026-07-13T18:30:00.000Z,13088,53381,237528373.6,4509.7,4405,55.97,29875,4449.68,14-Jul-2026
4505.9,4518,4488,4461.1,EQ,SUNDARMFIN,2026-07-14T18:30:00.000Z,15316,59137,265921273.9,4519,4445,57.3,33887,4496.7,15-Jul-2026
4444.9,4431,4485,4505.9,EQ,SUNDARMFIN,2026-07-15T18:30:00.000Z,9004,52189,233185844.7,4539.9,4431,61.09,31884,4468.1,16-Jul-2026
4430.8,4440,4446,4444.9,EQ,SUNDARMFIN,2026-07-16T18:30:00.000Z,5312,20674,91743793.7,4470,4410,52.36,10824,4437.64,17-Jul-2026
4425.2,4450,4410,4430.8,EQ,SUNDARMFIN,2026-07-19T18:30:00.000Z,7616,23744,105053917.2,4450,4398.9,62.29,14791,4424.44,20-Jul-2026
4472.6,4452,4460,4425.2,EQ,SUNDARMFIN,2026-07-20T18:30:00.000Z,11038,48842,217583929.2,4491.3,4415,65.91,32191,4454.85,21-Jul-2026
4420,4415,4472.6,4472.6,EQ,SUNDARMFIN,2026-07-21T18:30:00.000Z,10993,39053,172552427.9,4472.6,4380,61.8,24136,4418.42,22-Jul-2026
4415.5,4434.9,4400,4420,EQ,SUNDARMFIN,2026-07-22T18:30:00.000Z,14448,54884,241803156.9,4440,4357.5,71.62,39306,4405.71,23-Jul-2026
4447.8,4460,4419.9,4415.5,EQ,SUNDARMFIN,2026-07-23T18:30:00.000Z,12469,50414,223273919.1,4463,4343,63.74,32136,4428.81,24-Jul-2026
4416.8,4415,4447.8,4447.8,EQ,SUNDARMFIN,2026-07-26T18:30:00.000Z,10860,45216,199820875.3,4489,4380,55.07,24899,4419.25,27-Jul-2026
4422.1,4425,4416.8,4416.8,EQ,SUNDARMFIN,2026-07-27T18:30:00.000Z,8494,40051,176665665.8,4450.5,4343.1,61.22,24518,4411.02,28-Jul-2026
4480.1,4478.2,4422.1,4422.1,EQ,SUNDARMFIN,2026-07-28T18:30:00.000Z,7507,30337,135650518.1,4498,4422.1,49.25,14941,4471.45,29-Jul-2026
4490.9,4487.3,4479.9,4480.1,EQ,SUNDARMFIN,2026-07-29T18:30:00.000Z,9077,31555,141168371.4,4504.5,4424.6,65.04,20524,4473.72,30-Jul-2026
4665.6,4670,4499.9,4490.9,EQ,SUNDARMFIN,2026-07-30T18:30:00.000Z,30129,150275,689387323.7,4685.8,4461.1,68.56,103027,4587.51,31-Jul-2026
4828.7,4825.9,4641.6,4665.6,EQ,SUNDARMFIN,2026-08-02T18:30:00.000Z,41165,309611,1477420684.2,4965.3,4629.8,34.38,106452,4771.86,03-Aug-2026
4779.3,4800,4849.9,4828.7,EQ,SUNDARMFIN,2026-08-03T18:30:00.000Z,19196,91369,439158029.5,4919,4742.5,49.12,44878,4806.42,04-Aug-2026
4736,4690,4818.9,4779.3,EQ,SUNDARMFIN,2026-08-04T18:30:00.000Z,8852,42017,199736423.7,4835,4600,59.31,24919,4753.71,05-Aug-2026
4647.4,4663.2,4699,4736,EQ,SUNDARMFIN,2026-08-05T18:30:00.000Z,9202,44340,207399914.7,4738.3,4630.9,62.17,27567,4677.49,06-Aug-2026
4604.2,4605,4655,4647.4,EQ,SUNDARMFIN,2026-08-06T18:30:00.000Z,7153,22448,103589533,4663,4585,57.28,12859,4614.64,07-Aug-2026
4568.5,4584.9,4600.1,4604.2,EQ,SUNDARMFIN,2026-08-09T18:30:00.000Z,7316,17851,81872584.8,4631.9,4540,60.07,10723,4586.44,10-Aug-2026
4447.4,4464.6,4567,4568.5,EQ,SUNDARMFIN,2026-08-10T18:30:00.000Z,7567,33030,147988084.8,4575,4434.1,59.13,19531,4480.41,11-Aug-2026
4473.4,4514.4,4477.9,4447.4,EQ,SUNDARMFIN,2026-08-11T18:30:00.000Z,10944,38609,171457757,4528,4401.5,63.94,24686,4440.88,12-Aug-2026
4546,4540,4474.5,4473.4,EQ,SUNDARMFIN,2026-08-12T18:30:00.000Z,10851,59546,269734457.4,4568.2,4460.9,70.09,41738,4529.85,13-Aug-2026
4470.5,4450.8,4540,4546,EQ,SUNDARMFIN,2026-08-13T18:30:00.000Z,8602,28864,129279737.9,4540,4440,62.41,18014,4478.93,14-Aug-2026
4523.9,4529.8,4470.5,4470.5,EQ,SUNDARMFIN,2026-08-16T18:30:00.000Z,10235,46071,206878314.8,4533.3,4415.7,72.37,33343,4490.42,17-Aug-2026
4619.6,4622.3,4525,4523.9,EQ,SUNDARMFIN,2026-08-17T18:30:00.000Z,13088,81086,373454277,4658,4510,66.79,54156,4605.66,18-Aug-2026
4485.1,4469,4625.4,4619.6,EQ,SUNDARMFIN,2026-08-18T18:30:00.000Z,11006,38437,173538088.7,4628.9,4466,60.89,23403,4514.87,19-Aug-2026
4503.4,4512.3,4488.5,4485.1,EQ,SUNDARMFIN,2026-08-19T18:30:00.000Z,5059,14929,67237275.6,4525,4479.2,46.82,6990,4503.8,20-Aug-2026
4534.5,4520,4485.8,4503.4,EQ,SUNDARMFIN,2026-08-20T18:30:00.000Z,9895,28816,130623466.9,4558.4,4485.8,56.43,16262,4533.02,21-Aug-2026
4505.1,4521.1,4509.9,4534.5,EQ,SUNDARMFIN,2026-08-23T18:30:00.000Z,7055,20463,92353204.6,4559.9,4470.1,58.28,11925,4513.18,24-Aug-2026
4518.2,4525,4505.1,4505.1,EQ,SUNDARMFIN,2026-08-24T18:30:00.000Z,6000,20841,93767080.2,4534,4478,64.8,13506,4499.16,25-Aug-2026
4539.6,4560,4518.2,4518.2,EQ,SUNDARMFIN,2026-08-25T18:30:00.000Z,5002,22907,104159399,4572.1,4518.2,64.43,14759,4547.06,26-Aug-2026
4636.9,4650,4530,4539.6,EQ,SUNDARMFIN,2026-08-26T18:30:00.000Z,12030,51237,237282978.4,4665.7,4500,59.13,30297,4631.09,27-Aug-2026
4574.4,4582.6,4636.9,4636.9,EQ,SUNDARMFIN,2026-08-27T18:30:00.000Z,9390,46286,211950275.7,4646.9,4545.5,65.34,30243,4579.14,28-Aug-2026
4540,4570,4574.4,4574.4,EQ,SUNDARMFIN,2026-08-30T18:30:00.000Z,33575,232053,1052551088.2,4579,4502.1,71.56,166059,4535.82,31-Aug-2026
4540.1,4545.2,4540,4540,EQ,SUNDARMFIN,2026-08-31T18:30:00.000Z,7818,19219,87269348,4560,4521.5,54.65,10503,4540.79,01-Sep-2026
4557.2,4554.9,4539,4540.1,EQ,SUNDARMFIN,2026-09-01T18:30:00.000Z,12515,35627,162547018.9,4614.9,4525,59.35,21145,4562.47,02-Sep-2026
4578,4597,4551,4557.2,EQ,SUNDARMFIN,2026-09-02T18:30:00.000Z,10016,35937,164457050.6,4622.4,4533.1,60.77,21840,4576.26,03-Sep-2026
4648.7,4654.9,4561,4578,EQ,SUNDARMFIN,2026-09-03T18:30:00.000Z,6938,19600,90891627.2,4656.3,4561,67.11,13153,4637.33,04-Sep-2026
4708.3,4700,4639.9,4648.7,EQ,SUNDARMFIN,2026-09-06T18:30:00.000Z,9463,49899,233286047.4,4732.8,4625.1,66.2,33033,4675.16,07-Sep-2026
4712.7,4718.2,4708.3,4708.3,EQ,SUNDARMFIN,2026-09-07T18:30:00.000Z,10278,33937,159775866.5,4739.9,4650.1,65.21,22131,4708.01,08-Sep-2026
4728,4722.1,4689.2,4712.7,EQ,SUNDARMFIN,2026-09-08T18:30:00.000Z,7564,24537,115488606.7,4740.6,4645.1,65.48,16066,4706.71,09-Sep-2026
4703,4693.9,4750,4728,EQ,SUNDARMFIN,2026-09-09T18:30:00.000Z,6415,17626,82873755.7,4750,4651.3,49.39,8706,4701.79,10-Sep-2026
4710.7,4700,4679.7,4703,EQ,SUNDARMFIN,2026-09-10T18:30:00.000Z,8617,25632,120659324.5,4746.5,4611,55.68,9701,4707.37,11-Sep-2026
4695,4686,4718.9,4710.7,EQ,SUNDARMFIN,2026-09-14T18:30:00.000Z,16789,64086,306965516.7,4864.8,4668.5,53.35,34190,4789.9,15-Sep-2026
4672.4,4690,4695,4695,EQ,SUNDARMFIN,2026-09-15T18:30:00.000Z,11213,51662,240768293.3,4696,4630.1,62.08,32070,4660.45,16-Sep-2026
