date,open,high,low,close,prev_vwap,trade_type,entry,quantity,target,exit,target_hit,brokerage,tax_charges,pnl_absolute,pnl_percent,capital
2026-06-01,8074.50,8082.50,7805.00,7825.50,8136.67,LONG,8074.50,123,8136.67,7825.50,false,40.00,391.14,-31058.14,-3.13,968941.86
2026-06-02,7800.50,7885.00,7722.00,7745.00,7906.79,LONG,7800.50,124,7906.79,7745.00,false,40.00,385.53,-7307.53,-0.76,961634.33
2026-06-03,7799.00,7799.00,7655.00,7719.00,7804.81,SKIP,,,,,,,,,,961634.33
2026-06-04,7705.50,7809.50,7655.00,7706.50,7707.95,SKIP,,,,,,,,,,961634.33
2026-06-05,7738.00,7805.50,7707.00,7763.00,7730.21,SHORT,7738.00,124,7730.21,7730.21,true,40.00,383.61,542.35,0.06,962176.68
2026-06-08,7763.00,7763.00,7602.00,7621.50,7759.70,SKIP,,,,,,,,,,962176.68
2026-06-09,7660.00,7794.50,7620.00,7657.50,7662.91,SKIP,,,,,,,,,,962176.68
2026-06-10,7680.00,7945.00,7673.00,7701.50,7689.97,LONG,7680.00,125,7689.97,7689.97,true,40.00,384.25,822.00,0.09,962998.68
2026-06-11,7693.00,7764.00,7635.00,7668.50,7825.67,LONG,7693.00,125,7825.67,7668.50,false,40.00,384.04,-3486.54,-0.36,959512.14
2026-06-12,7728.00,7930.00,7679.00,7726.00,7683.30,SHORT,7728.00,124,7683.30,7683.30,true,40.00,382.20,5120.60,0.53,964632.74
2026-06-15,7800.00,7909.00,7701.00,7722.50,7719.43,SHORT,7800.00,123,7719.43,7719.43,true,40.00,381.78,9488.33,0.99,974121.08
2026-06-16,7777.00,7778.50,7682.00,7715.50,7805.96,LONG,7777.00,125,7805.96,7715.50,false,40.00,387.31,-8114.81,-0.83,966006.26
2026-06-17,7824.50,8014.50,7824.50,7856.00,7720.19,SHORT,7824.50,123,7720.19,7856.00,false,40.00,385.74,-4300.24,-0.45,961706.02
2026-06-18,7856.00,7898.00,7800.00,7840.00,7913.61,LONG,7856.00,122,7913.61,7840.00,false,40.00,382.98,-2374.98,-0.25,959331.04
2026-06-19,7820.00,7915.00,7770.00,7828.50,7846.10,LONG,7820.00,122,7846.10,7846.10,true,40.00,382.25,2761.95,0.29,962092.99
2026-06-22,7890.00,7907.50,7810.00,7844.50,7838.95,SHORT,7890.00,121,7838.95,7838.95,true,40.00,380.64,5756.41,0.60,967849.40
2026-06-23,7850.00,7887.00,7790.00,7852.00,7845.74,SKIP,,,,,,,,,,967849.40
2026-06-24,7850.00,7894.50,7777.00,7793.00,7848.41,SKIP,,,,,,,,,,967849.40
2026-06-25,7801.00,7835.00,7701.00,7719.00,7810.66,LONG,7801.00,124,7810.66,7810.66,true,40.00,387.17,770.67,0.08,968620.07
2026-06-29,7725.00,7760.00,7500.50,7561.00,7752.71,LONG,7725.00,125,7752.71,7752.71,true,40.00,386.94,3036.81,0.31,971656.87
2026-06-30,7623.00,7709.00,7524.50,7679.50,7572.43,SHORT,7623.00,127,7572.43,7572.43,true,40.00,385.96,5996.43,0.62,977653.30
2026-07-01,7675.00,7746.00,7631.00,7649.50,7655.30,SHORT,7675.00,127,7655.30,7655.30,true,40.00,389.39,2072.51,0.21,979725.81
2026-07-02,7690.00,7705.00,7601.00,7613.50,7689.19,SKIP,,,,,,,,,,979725.81
2026-07-03,7621.50,7676.00,7561.50,7610.50,7623.72,SKIP,,,,,,,,,,979725.81
2026-07-06,7605.00,7835.00,7605.00,7772.50,7609.48,SKIP,,,,,,,,,,979725.81
2026-07-07,7770.50,7897.00,7734.50,7860.50,7716.71,SHORT,7770.50,126,7716.71,7860.50,false,40.00,393.90,-11773.90,-1.20,967951.91
2026-07-08,7805.50,7900.00,7666.00,7708.00,7837.36,LONG,7805.50,124,7837.36,7837.36,true,40.00,387.94,3522.70,0.36,971474.61
2026-07-09,7750.00,7848.00,7728.50,7788.50,7775.18,LONG,7750.00,125,7775.18,7775.18,true,40.00,388.13,2719.37,0.28,974193.98
2026-07-10,7802.00,7894.00,7792.00,7845.00,7788.82,SHORT,7802.00,124,7788.82,7845.00,false,40.00,388.05,-5760.05,-0.60,968433.93
2026-07-13,7805.00,7971.00,7777.00,7880.50,7844.10,LONG,7805.00,124,7844.10,7844.10,true,40.00,388.10,4420.30,0.46,972854.23
2026-07-14,7850.00,7909.00,7805.50,7831.50,7867.07,LONG,7850.00,123,7867.07,7867.07,true,40.00,386.64,1672.97,0.17,974527.20
2026-07-15,7830.00,7925.00,7770.00,7819.00,7854.62,LONG,7830.00,124,7854.62,7854.62,true,40.00,388.98,2623.90,0.27,977151.11
2026-07-16,7834.50,7869.00,7765.00,7788.00,7852.62,LONG,7834.50,124,7852.62,7852.62,true,40.00,389.04,1817.84,0.19,978968.94
2026-07-17,7788.00,7829.50,7710.50,7810.00,7818.63,LONG,7788.00,125,7818.63,7818.63,true,40.00,390.17,3398.58,0.35,982367.53
2026-07-20,7820.00,7878.00,7786.00,7816.00,7785.30,SHORT,7820.00,125,7785.30,7816.00,false,40.00,390.90,69.10,0.01,982436.63
2026-07-21,7816.00,7925.00,7796.50,7906.00,7836.84,LONG,7816.00,125,7836.84,7836.84,true,40.00,391.32,2173.68,0.22,984610.31
2026-07-22,7906.00,7925.00,7810.00,7909.00,7878.28,SHORT,7906.00,124,7878.28,7878.28,true,40.00,391.45,3005.83,0.31,987616.14
2026-07-23,7875.00,7948.00,7770.00,7787.00,7865.46,SHORT,7875.00,125,7865.46,7865.46,true,40.00,393.51,758.99,0.08,988375.13
2026-07-24,7780.50,7855.00,7730.00,7828.50,7842.71,LONG,7780.50,127,7842.71,7842.71,true,40.00,396.83,7463.84,0.76,995838.97
2026-07-27,7850.00,8100.00,7829.00,7940.50,7798.82,SHORT,7850.00,126,7798.82,7940.50,false,40.00,397.92,-11840.92,-1.20,983998.05
2026-07-28,7948.50,8033.00,7754.50,7790.00,7933.35,SHORT,7948.50,123,7933.35,7933.35,true,40.00,390.69,1432.76,0.15,985430.80
2026-07-29,7876.50,7929.50,7795.00,7892.00,7876.57,SKIP,,,,,,,,,,985430.80
2026-07-30,7929.00,7930.00,7668.50,7719.00,7895.78,SHORT,7929.00,124,7895.78,7895.78,true,40.00,392.45,3686.83,0.37,989117.63
2026-07-31,7724.00,7745.00,7546.00,7624.00,7760.11,LONG,7724.00,128,7760.11,7624.00,false,40.00,392.91,-13232.91,-1.34,975884.72
2026-08-03,7624.00,7776.00,7624.00,7719.00,7601.31,SHORT,7624.00,128,7601.31,7719.00,false,40.00,392.78,-12592.78,-1.29,963291.94
2026-08-04,7760.00,7760.00,7630.00,7662.00,7719.69,SHORT,7760.00,124,7719.69,7719.69,true,40.00,383.90,4574.54,0.48,967866.48
2026-08-05,7720.00,7776.00,7638.00,7688.00,7671.18,SHORT,7720.00,125,7671.18,7671.18,true,40.00,384.78,5677.72,0.59,973544.20
2026-08-06,7690.00,7739.50,7678.00,7694.00,7695.03,SKIP,,,,,,,,,,973544.20
2026-08-07,7694.00,7714.50,7650.50,7683.50,7704.00,LONG,7694.00,126,7704.00,7704.00,true,40.00,388.03,831.97,0.09,974376.17
2026-08-10,7690.00,7706.50,7644.00,7651.50,7675.52,SHORT,7690.00,126,7675.52,7675.52,true,40.00,387.21,1397.27,0.14,975773.44
2026-08-11,7651.50,7689.00,7600.00,7641.50,7669.13,LONG,7651.50,127,7669.13,7669.13,true,40.00,389.14,1809.87,0.19,977583.31
2026-08-12,7660.00,7660.00,7581.50,7589.50,7625.01,SHORT,7660.00,127,7625.01,7625.01,true,40.00,388.24,4015.49,0.41,981598.80
2026-08-13,7585.00,7639.50,7577.00,7595.50,7598.89,LONG,7585.00,129,7598.89,7598.89,true,40.00,391.74,1360.07,0.14,982958.86
2026-08-14,7600.00,7669.50,7585.00,7600.00,7604.51,SKIP,,,,,,,,,,982958.86
2026-08-17,7639.00,7639.00,7562.00,7569.50,7620.18,SHORT,7639.00,128,7620.18,7620.18,true,40.00,390.64,1978.32,0.20,984937.19
2026-08-18,7569.50,7583.50,7506.00,7517.50,7576.79,SKIP,,,,,,,,,,984937.19
2026-08-19,7530.00,7530.00,7475.50,7505.00,7529.00,SKIP,,,,,,,,,,984937.19
2026-08-20,7530.00,7582.50,7456.00,7512.00,7500.47,SHORT,7530.00,130,7500.47,7500.47,true,40.00,390.79,3408.11,0.35,988345.30
2026-08-21,7515.00,7555.00,7490.00,7498.50,7506.40,SHORT,7515.00,131,7506.40,7506.40,true,40.00,393.56,693.04,0.07,989038.34
2026-08-24,7460.50,7480.00,7383.00,7406.50,7515.39,LONG,7460.50,132,7515.39,7406.50,false,40.00,392.49,-7560.49,-0.77,981477.85
2026-08-25,7406.50,7458.50,7378.00,7439.00,7430.92,LONG,7406.50,132,7430.92,7430.92,true,40.00,391.71,2791.73,0.29,984269.58
2026-08-26,7467.00,7470.00,7250.00,7403.50,7412.22,SHORT,7467.00,131,7412.22,7412.22,true,40.00,389.84,6746.34,0.69,991015.92
2026-08-27,7403.50,7460.00,7324.00,7409.00,7365.29,SHORT,7403.50,133,7365.29,7365.29,true,40.00,392.85,4649.08,0.47,995665.00
2026-08-28,7431.50,7442.50,7300.00,7316.00,7394.16,SHORT,7431.50,133,7394.16,7394.16,true,40.00,394.36,4531.86,0.46,1000196.86
2026-08-31,7316.00,7350.50,7248.00,7329.00,7354.15,LONG,7316.00,136,7354.15,7329.00,false,40.00,398.34,1329.66,0.13,1001526.52
